id,carrier,product,doc_type,form_number,edition_date,region,country,target_market,file_type,is_direct_document,is_latest_known,title,url,notes,segments
bajaj-general-insurance-former-9916b28e,Bajaj General Insurance (formerly Bajaj Allianz),Bajaj Allianz Group Cyber Safe Insurance Policy,policy_wording,,,Asia,IN,all sizes,pdf,True,True,Bajaj General Insurance - Group Cyber Safe Insurance Policy,https://www.bajajgeneralinsurance.com/download-documents/commercial-insurance/bajaj-allianz-group-cyber-safe-insurance-policy/Cyber-Safe-Group.pdf,"English. A group (master) policy that covers the members of a group, such as the customers or employees of a business, rather than the business's own first- and third-party cyber risk. Included because it is filed as a commercial product; lower relevance for SME cyber.",asia_mea_latam
bajaj-general-insurance-former-c44d8e41,Bajaj General Insurance (formerly Bajaj Allianz),Bajaj Cyber Protect Premium - Digital Business and Data Protection Insurance,policy_wording,,,Asia,IN,SMB,pdf,True,True,Policy Wordings Premium Revised,https://www.bajajgeneralinsurance.com/download-documents/commercial-insurance/bajaj-allianz-cyber-protect-digital-business-data-protection-insurance/Cyber-Protect.pdf,"English. Commercial digital-business and data-protection cyber wording ('Premium' variant, revised), under the post-2025 Bajaj General brand. The UIN was not visible in the snippet.",asia_mea_latam
beazley-bf2c096a,Beazley,Beazley InfoSec 2.0 (Hong Kong),policy_wording,ISUK01,03/2019,Asia,HK,all sizes,pdf,True,False,ISUK01 032019 ed. Page 1 of 22 Beazley InfoSec Hong Kong,https://www.beazley.com/globalassets/cyber/documents/policy-form/beazley-infosec-2.0-hongkong-wording-06-20.pdf,OLDER and NON-US (Hong Kong). The filename suggests it was published in June 2020. Recorded for completeness.,us_specialty_a
chubb-4425e4ef,Chubb,"Chubb Cyber ERM, SME pre-priced (Singapore)",application,,,Asia,SG,SME,pdf,True,True,Cyber Enterprise Risk Management Insurance (SME pre-priced proposal form),https://www.chubb.com/content/dam/chubb-sites/chubb-com/sg-en/customer-service/idp-distribution-products/documents/pdf/cyber-erm-insurance-sme-pre-priced-proposal-form.pdf,Outside the US segment. SME-specific proposal form.,us_majors_1
future-generali-india-insuranc-edaea4d5,Future Generali India Insurance,Cyber Risks Insurance (Commercial),policy_wording,,,Asia,IN,all sizes,pdf,True,False,Cyber Risks Insurance Policy wording - Future Generali,https://general.futuregenerali.in/downloads/commercial-insurance/cyber-risk-insurance/policy-wording/cyber-risks-insurance-policy-commercial-policy-wordings.pdf,"English. An older copy under the legacy Future Generali domain, probably superseded by the Generali Central copy. It is kept because the two may be different editions.",asia_mea_latam
generali-central-insurance-for-e2a68e50,Generali Central Insurance (formerly Future Generali India),Cyber Risks Insurance,policy_wording,,,Asia,IN,all sizes,pdf,True,True,CYBER RISKS INSURANCE POLICY WORDING,https://www.generalicentralinsurance.com/downloads/commercial-insurance/cyber-risks-insurance/policy-wording/cyber-risks-insurance-policy-wording.pdf,English. Commercial cyber wording under the Generali Central brand (Future Generali India renamed in 2025). The UIN was not shown in the snippet.,asia_mea_latam
go-digit-general-insurance-b4bcfcec,Go Digit General Insurance,Digit Commercial Cyber Insurance Policy (Commercial),policy_wording,IRDAN158CP0011V01202122,,Asia,IN,SMB,pdf,True,True,Policy Wordings_ Digit Commercial Cyber Insurance Policy (Commercial),https://www.godigit.com/content/dam/godigit/directportal/en/downloads/others/Policy%20Wordings_%20Digit%20Commercial%20Cyber%20Insurance%20Policy%20(Commercial).pdf,"English. IRDAI-filed commercial (CP) product, UIN IRDAN158CP0011V01202122 (FY2021-22 filing). The search snippet gave the UIN. The product is sold to businesses; SME suitability is inferred.",asia_mea_latam
go-digit-general-insurance-be987cfa,Go Digit General Insurance,Digit Commercial Cyber Insurance Policy (Commercial),summary,IRDAN158CP0011V01202122,,Asia,IN,SMB,pdf,True,True,Prospectus_ Digit Commercial Cyber Insurance Policy (Commercial),https://www.godigit.com/content/dam/godigit/directportal/en/downloads/others/Prospectus_%20Digit%20Commercial%20Cyber%20Insurance%20Policy%20(Commercial).pdf,English. The IRDAI prospectus summarises the covers and terms. UIN IRDAN158CP0011V01202122.,asia_mea_latam
go-digit-general-insurance-3d58c42c,Go Digit General Insurance,Digit Enterprise Plus Cyber Insurance Policy,declarations,IRDAN158CPLB0002V01202425,,Asia,IN,all sizes,pdf,True,True,Digit Enterprise Plus Cyber Insurance Policy (policy schedule),https://www.godigit.com/content/dam/godigit/directportal/en/downloads/others/policy-schedule-digit-enterprise-plus-cyber-insurance-policy.pdf,English. This is a specimen policy schedule. The search snippet gave UIN IRDAN158CPLB0002V01202425; 'LB' marks an IRDAI 'Use and File' (FY2024-25) filing. No separate wording URL was found.,asia_mea_latam
hdfc-ergo-general-insurance-94ff2247,HDFC ERGO General Insurance,Cyber Insurance Policy (commercial),policy_wording,,,Asia,IN,all sizes,pdf,True,True,cyber-insurance-policy.pdf,https://www.hdfcergo.com/docs/default-source/downloads/policy-wordings/commercial-liabiltiy-docs/cyber-insurance-policy.pdf,"English. Hosted in HDFC ERGO's commercial liability policy-wordings folder. The UIN was not shown in the snippet. A possibly newer copy is on the new CDN at https://customer-portal-assets.hdfcergo.com/documents/cyber-insurance-policy-411358527873.pdf, which also appeared in the results.",asia_mea_latam
hdfc-ergo-general-insurance-7f65d6d8,HDFC ERGO General Insurance,Cyber Security Insurance Policy,policy_wording,,,Asia,IN,all sizes,pdf,True,False,Cyber Security Insurance Policy,https://www.hdfcergo.com/documents/downloads/policywordings/Cyber-Security-Insurance-Policy.pdf,English. An older HDFC ERGO commercial cyber wording from the legacy document path. It has probably been superseded by the 'cyber-insurance-policy.pdf' wording.,asia_mea_latam
hdfc-ergo-general-insurance-104b7c96,HDFC ERGO General Insurance,HDFC ERGO Cyber Sachet Insurance,policy_wording,IRDAN125RP0026V01202122,,Asia,IN,micro,pdf,True,True,HDFC ERGO General Insurance Company Limited Policy Wordings (Cyber Sachet),https://www.hdfcergo.com/docs/default-source/downloads/policy-wordings/others/cyber-sachet.pdf,"English. A retail (RP) sachet product for individuals and sole proprietors, recorded as micro-business. The IRDAI copy has UIN IRDAN125RP0026V01202122; a later version, IRDAN125RP0026V02202122, is referenced. IRDAI copy: https://irdai.gov.in/documents/37343/993134/IRDAN125RP0026V01202122.pdf/c5ed5dbf-5e5a-67cd-be19-0ed9154aa7a8?version=1.1&t=1668849535123&download=true",asia_mea_latam
hdfc-ergo-general-insurance-0e09c864,HDFC ERGO General Insurance,HDFC ERGO Cyber Sachet Insurance,summary,,,Asia,IN,micro,pdf,True,True,HDFC ERGO CYBER SACHET INSURANCE (prospectus),https://customer-portal-assets.hdfcergo.com/assets/v2/docs/default-source/downloads/prospectus/cyber-sachet-257403374015.pdf,English. Product prospectus on the new HDFC ERGO asset CDN.,asia_mea_latam
hdfc-ergo-general-insurance-61563e4f,HDFC ERGO General Insurance,HDFC ERGO Cyber Sachet Insurance,summary,IRDAN125RP0026V01202122,,Asia,IN,micro,pdf,True,True,HDFC ERGO Cyber Sachet Insurance (Customer Information Sheet),https://www.hdfcergo.com/docs/default-source/downloads/cis/liability/hdfc-ergo-cyber-sachet-insurance.pdf,English. IRDAI-mandated Customer Information Sheet summarising key terms. For individuals and proprietors.,asia_mea_latam
icici-lombard-general-insuranc-d4980144,ICICI Lombard General Insurance,Cyber Insurance / Cyber Liability Insurance,policy_wording,IRDAN115RP0002V01202021,,Asia,IN,micro,pdf,True,True,ICICI LOMBARD GENERAL INSURANCE COMPANY LIMITED UIN: IRDAN115RP0002V01202021,https://www.icicilombard.com/docs/default-source/assets/cyber-insurance/policy-wording.pdf,"English. The RP (retail) UIN (FY2020-21) suggests this may be the retail/individual cyber product rather than an SME wording, so verify before use. IRDAI copy: https://irdai.gov.in/documents/37343/993134/IRDAN115RP0002V01202021_GEN3981.pdf/09d3dfec-3da3-c507-7949-85bf76909228?version=1.2&t=1668235922710&download=true",asia_mea_latam
icici-lombard-general-insuranc-8ca61840,ICICI Lombard General Insurance,Cyber Insurance Policy (SME portal),product_page,,,Asia,IN,SME,html,False,True,Cyber Insurance Policy: Buy Online Today - ICICI Lombard,https://sme.icicilombard.com/indemnity-and-liability-insurance/cyber-insurance-policy,English. ICICI Lombard's SME online cyber product page. The search summary linked the SME Cyber Liability product to UIN IRDAN115RP0001V01201415; this was not confirmed from a document title. No SME-specific wording PDF URL was surfaced.,asia_mea_latam
icici-lombard-general-insuranc-feef0501,ICICI Lombard General Insurance,Cyber Risk Insurance (corporate),product_page,,,Asia,IN,mid-market,html,False,True,Corporate Insurance | ICICI Lombard (Cyber Risk Insurance),https://corporate.icicilombard.com/Portal/Cyber_Risk_Insurance,English. Corporate cyber risk product page. No wording PDF was surfaced.,asia_mea_latam
icici-lombard-general-insuranc-e3f2c0af,ICICI Lombard General Insurance,I-Elite Group Cyber Liability Insurance,policy_wording,IRDAN115CP0006V01202021,,Asia,IN,all sizes,pdf,True,True,I-Elite Group Cyber Liability Insurance: Policy Wording,https://www.icicilombard.com/docs/default-source/default-document-library/i-elite-group-cyber-liability-insurance-policy-wordings-1-(1).pdf,"English. A group cyber liability master policy; the search summary gave UIN IRDAN115CP0006V01202021 (FY2020-21). It covers group members rather than the business itself, so relevance to SME cyber is lower.",asia_mea_latam
iffco-tokio-general-insurance-607d2667,IFFCO Tokio General Insurance,Cyber Security Insurance,policy_wording,,,Asia,IN,all sizes,pdf,True,True,Policy Wordings – CYBER SECURITY INSURANCE,https://www.iffcotokio.co.in/content/dam/iffcotokio/policy-wordings/business/cyber-security-insurance.pdf,English. Business cyber wording with an incident-coordinator claims process. The UIN was not shown in the snippet; a matching claim form exists at https://www.iffcotokio.co.in/content/dam/iffcotokio/iffco-pdf/sites/default/files/pdf/Claim-Form-Cyber.pdf,asia_mea_latam
sbi-general-insurance-191844f9,SBI General Insurance,Cyber Defense Insurance,policy_wording,IRDAN144CP0002V01201819,,Asia,IN,all sizes,pdf,True,True,SBI General Insurance Company Limited POLICY WORDING CYBER DEFENSE INSURANCE,https://content.sbigeneral.in/uploads/CYBER_DEFENSE_INSURANCE_Wording_3ae86033cd.pdf,English. Commercial cyber wording. The search snippet gave UIN IRDAN144CP0002V01201819 (FY2018-19 filing).,asia_mea_latam
tata-aig-general-insurance-859859ed,Tata AIG General Insurance,Cyber Risk Protector,policy_wording,IRDAN108CP0026V01201819,,Asia,IN,all sizes,pdf,True,False,Cyber Risk Protector UIN: IRDAN108CP0026V01201819,https://www.tataaig.com/s3/Policy_Wordings_cyber_risk_protector.pdf_bb64c1c771.pdf,"English. Commercial cyber wording (FY2018-19 filing), covering multimedia liability, cyber/privacy extortion and data liability. This may have been superseded by Tata AIG CyberEdge (launched January 2025).",asia_mea_latam
tata-aig-general-insurance-8b512be5,Tata AIG General Insurance,CyberEdge (business cyber insurance),summary,,,Asia,IN,all sizes,pdf,True,True,CYBEREDGE,https://www.tataaig.com/s3/cyberedge_6f54925644.pdf,"English. Tata AIG's CyberEdge business cyber product, launched January 2025. The document type could not be confirmed (brochure or wording) because WebFetch was blocked; it is recorded as a summary. No UIN was seen.",asia_mea_latam
universal-sompo-general-insura-3adbda6d,Universal Sompo General Insurance,Cyber Security Insurance (Commercial),policy_wording,,,Asia,IN,all sizes,pdf,True,True,Cyber Security Insurance POLICY WORDING,https://www.universalsompo.com/assets/file/cyber-security-insurance-commercial/policy-wording.pdf,"English. Commercial cyber wording from Universal Sompo, a Sompo Japan joint venture. The UIN was not shown in the snippet.",asia_mea_latam
cfc-underwriting-lloyd-s-8251007c,CFC Underwriting (Lloyd's),Cyber (Australia) v2.1,policy_wording,v2.1,,Australia/NZ,AU,SME,pdf,True,False,Cyber Policy Aus V2.1 (cfcunderwriting.com),https://www.mips.com.au/ArticleDocuments/207/Cyber%20Policy%20Aus_V2.1.pdf.aspx,OLDER edition. Hosted by MIPS (medical indemnity provider) for its members.,australia_nz
cfc-underwriting-lloyd-s-1e015cc8,CFC Underwriting (Lloyd's),Cyber Excess (Worldwide/Australia),summary,,,Australia/NZ,AU,mid-market,pdf,True,True,Cyber excess - CFC Underwriting (highlights WW-AUS),https://www.cfc.com/media/4233/cyber-excess-highlights_ww-aus.pdf,Highlights sheet for the excess layer. Lower relevance to SMB.,australia_nz
cfc-underwriting-lloyd-s-5764c91e,CFC Underwriting (Lloyd's),Cyber insurance guide (Australia),summary,,2022,Australia/NZ,AU,SME,pdf,True,False,Cyber insurance guide | CFC Underwriting (AU 2022),https://www.cfcunderwriting.com/media/5344/cfc-cyber-guide_au_2022.pdf,OLDER (2022) AU cyber buyer's guide and product summary.,australia_nz
cfc-underwriting-lloyd-s-7a377a67,CFC Underwriting (Lloyd's),Cyber Private Enterprise (Australia),summary,v2,,Australia/NZ,AU,SME,pdf,True,False,Cyber Private Enterprise product brochure AU v2,https://www.cfc.com/media/4208/cyber-private-enterprise_product-brochure_au-v2.pdf,OLDER product brochure.,australia_nz
cfc-underwriting-lloyd-s-260b6294,CFC Underwriting (Lloyd's),Cyber Private Enterprise (Australia) v3.0,policy_wording,v3.0,,Australia/NZ,AU,SME,pdf,True,False,Cyber Private enterprise Policy document Australia (v3.0),https://edgeunderwriting.com.au/insurance/2021/08/Cyber-Private-Enterprise-v3.0.pdf,"OLDER edition (uploaded Aug 2021), apparently replaced by Cyber Proactive Response. Also hosted by Aon at https://business-insurance.aon.com.au/biw/media/business-insurance/pdf/rowing%20australia/cyber_-private-enterprise-(aus)-v3-0.pdf",australia_nz
cfc-underwriting-lloyd-s-00be7a35,CFC Underwriting (Lloyd's),Cyber Proactive Response (Australia),policy_wording,,2025,Australia/NZ,AU,all sizes,pdf,True,True,Cyber Proactive Response Policy document Australia,https://psychology.org.au/getmedia/115ccab2-75db-462d-af0d-1a6fdf7d7b78/cyber-proactive-response-policy-wording-2025.pdf,"Current CFC AU cyber wording (2025, reportedly v4.0), hosted by the Australian Psychological Society for its member programme. CFC's core cyber product is sold widely to SMEs.",australia_nz
chubb-ad63883b,Chubb,"Chubb Cyber ERM Version 2.2, SME Marketplace Platform (Australia)",policy_wording,Chubb10-571-0722,07/22,Australia/NZ,AU,SME,pdf,True,True,Cyber Enterprise Risk Management Version 2.2 Policy,https://www.chubb.com/content/dam/chubb-sites/chubb-com/au-en/business/cyber-insurance/documents/pdf/cyber-erm-version-2-2-policy-sme-marketplace-platform-au.pdf,"Outside the US segment, but an SME-specific wording. The 07/22 edition is inferred from the form code Chubb10-571-0722. | Chubb AU's SME version of Cyber ERM 2.2, used on its SME marketplace or online platform. The 07/2022 edition date comes from the search snippet.",australia_nz;us_majors_1
chubb-220df6f3,Chubb,"Chubb Cyber ERM Version 2.2, Widespread Event Endorsement E13 (Australia)",endorsement,ERM V2.2 E13,,Australia/NZ,AU,all sizes,pdf,True,True,Endorsement Number: <<RowNumber>> Policy Number: <<PolicyNumber>> Named Insured: (Widespread Event Endorsement),https://www.chubb.com/content/dam/chubb-sites/chubb-com/au-en/business/cyber-insurance/documents/pdf/erm-v2-2-e13-widespread-event-endorsement.pdf,"Outside the US segment. A specimen of Chubb's systemic-risk Widespread Event endorsement, which sets separate limits, retention and coinsurance. No US version was found.",us_majors_1
chubb-insurance-australia-bc91265e,Chubb Insurance Australia,Cyber Enterprise Risk Management,summary,,,Australia/NZ,AU,all sizes,pdf,True,True,A Comprehensive Risk Management Solution Cyber ... (Chubb cyber fact sheet),https://www.chubb.com/content/dam/chubb-sites/chubb-com/au-en/business/cyber-insurance/documents/pdf/chubb-cyber-fact-sheet.pdf,Chubb AU cyber product fact sheet.,australia_nz
chubb-insurance-australia-f0e0bb92,Chubb Insurance Australia,Cyber Enterprise Risk Management Version 2,policy_wording,Chubb10-594-0319,2019-03,Australia/NZ,AU,all sizes,pdf,True,False,Cyber Enterprise Risk Management Version 2 Policy,https://www.centrewest.com.au/wp-content/uploads/2020/05/Chubb-Cyber-Enterprise-Risk-Management-Version-2-Policy-Chubb10-594-0319.pdf,"OLDER edition (v2, 03/2019), replaced by v2.2. Hosted by a broker (Centrewest).",australia_nz
chubb-insurance-australia-64b73658,Chubb Insurance Australia,Cyber Enterprise Risk Management Version 2 vs 2.2,summary,,,Australia/NZ,AU,all sizes,pdf,True,True,Chubb Cyber Enterprise Risk Management (Version 2.2) comparison factsheet,https://www.chubb.com/content/dam/chubb-sites/chubb-com/au-en/business/cyber-insurance/documents/pdf/cyber-erm2-v-erm2-2-comparison-factsheet.pdf,Factsheet comparing Cyber ERM v2 and v2.2 wording changes.,australia_nz
chubb-insurance-australia-f4133a1a,Chubb Insurance Australia,ForeFront Portfolio (private company management liability package),policy_wording,PCFL-OPEN-FF-PW-0225,2025-02,Australia/NZ,AU,SME,pdf,True,True,Forefront Portfolio Insurance Policy Company: Policy Period: From: To:,https://www.chubb.com/content/dam/chubb-sites/chubb-com/au-en/businesses/policy-wordings-and-documents/chubb-pcfl-open-ff-pw-0225-forefront-portfolio-policy-wording.pdf,Full Australian ForeFront Portfolio wording (02/25) for private SMEs. It is a management liability package; whether it includes a cyber section is unverified.,embedded_endorsements
chubb-insurance-australia-0c72a0ef,Chubb Insurance Australia,PremierTech2 (technology package incl. Cyber Enterprise Risk Management section),policy_wording,Chubb PCIP-OPEN-PT01-PW-1123,2023-11,Australia/NZ,AU,all sizes,pdf,True,True,PremierTech2 - policy wording,https://www.chubb.com/content/dam/chubb-sites/chubb-com/au-en/businesses/policy-wordings-and-documents/chubb-pcip-open-pt01-pw-1123-premiertech2-policy-wording.pdf,"Combined package for technology companies (tech PI and liability) with a Cyber ERM section, 11/2023. Target size not stated in the snippet.",australia_nz
chubb-insurance-australia-dist-d4d8f416,Chubb Insurance Australia (distributed by BizCover),Cyber Enterprise Risk Management Version 2.2 (BizCover),policy_wording,Chubb10-571-0522,2022-05,Australia/NZ,AU,micro,pdf,True,True,Cyber Enterprise Risk Management Version 2.2 Policy_BIZCOVER Policy Wording,https://www.bizcover.com.au/wp-content/uploads/2022/12/Chubb10-571-0522-Cyber-Enterprise-Risk-Management-Version-2.2_BIZCOVER_21.11.22-Policy-Wording.pdf,"BizCover is an online broker for micro and small businesses, and this is its version of Chubb Cyber ERM 2.2. Form Chubb10-571-0522 (05/2022). BizCover version dated 21.11.22.",australia_nz
delta-insurance-australia-923c757d,Delta Insurance Australia,Cyber Liability,policy_wording,Delta_AU_CYB_0824,2024-08,Australia/NZ,AU,SME,pdf,True,True,Cyber Liability (policy wording),https://deltainsurance.com.au/hubfs/AU_documents_policy%20wordings/Technology/AU_Cyber%20liability/Delta_AU_CYB_0824.pdf?hsLang=en,"Delta AU Cyber Liability wording, 08/2024 per the filename. Delta is an underwriting agency writing mainly SME business.",australia_nz
delta-insurance-australia-10e7c999,Delta Insurance Australia,Cyber Liability,summary,,2024-10,Australia/NZ,AU,SME,pdf,True,True,Cyber Liability Insurance Guard against cyber risk. (Fact Sheet),https://deltainsurance.com.au/hubfs/AU_documents_fact%20sheets/Technology/AU_Cyber%20liability/Delta_AU_Cyber_Liability_Fact_Sheet_1024.pdf?hsLang=en,Fact sheet dated 10/2024 per the filename. The Delta AU resources page (https://deltainsurance.com.au/resources) also lists a proposal form and the incident response process.,australia_nz
delta-insurance-new-zealand-1b1b0477,Delta Insurance New Zealand,Cyber Liability,policy_wording,Delta NZ Cyber 0318 R0423,2023-04,Australia/NZ,NZ,SME,pdf,True,True,Delta NZ Cyber Liability Policy Wording April 2023 (Delta NZ Cyber 0318 R0423),https://deltainsurance.co.nz/hubfs/Documents%20-%20policy%20wordings/DELTA%20NZ_Cyber%20Liability_Policy%20Wording_April%202023.pdf?hsLang=en,Same file is also at https://47308149.fs1.hubspotusercontent-na1.net/hubfs/47308149/Documents%20-%20policy%20wordings/DELTA%20NZ_Cyber%20Liability_Policy%20Wording_April%202023.pdf,australia_nz
delta-insurance-new-zealand-6fff991b,Delta Insurance New Zealand,Cyber Liability,policy_wording,Delta NZ Cyber 0318,2018-03,Australia/NZ,NZ,SME,pdf,True,False,Cyber Liability Policy wording (03/18),https://res.cloudinary.com/new-territory-delta/image/upload/v1677037274/Delta_NZ_Cyber_Liability_policy_wording_03_18_ae94f38950.pdf,"OLDER edition (03/2018), replaced by the R0423 revision.",australia_nz
emergence-insurance-lloyd-s-069ff7f7,Emergence Insurance (Lloyd's),Cyber Event Protection,policy_wording,EME-CEP-002,,Australia/NZ,AU,SME,pdf,True,False,Cyber Event Protection (EME-CEP-002),https://emergenceinsurance.com/wp-content/uploads/2020/03/Emergence-Cyber-Event-Protection-EME-CEP-002.pdf,OLDER edition.,australia_nz
emergence-insurance-lloyd-s-450648ed,Emergence Insurance (Lloyd's),Cyber Event Protection,policy_wording,,,Australia/NZ,AU,SME,pdf,True,False,Important Information & Policy Wording,https://emergenceinsurance.com/wp-content/uploads/2020/04/Emergence-Cyber-Event-Protection-1.pdf,OLDER edition (uploaded Apr 2020). Version number not visible in the snippet.,australia_nz
emergence-insurance-lloyd-s-196ca240,Emergence Insurance (Lloyd's),Cyber Event Protection,policy_wording,EME-CEP-003,,Australia/NZ,AU,SME,pdf,True,False,Cyber Event Protection IMPORTANT INFORMATION & POLICY WORDING (EME-CEP-003),https://emergenceinsurance.com/wp-content/uploads/sites/5/2020/03/Emergence-Cyber-Event-Protection-Policy-EME-CEP-003.pdf,OLDER edition (uploaded Mar 2020).,australia_nz
emergence-insurance-lloyd-s-324a4287,Emergence Insurance (Lloyd's),Cyber Event Protection,policy_wording,CEP-005.1,2026-02,Australia/NZ,AU,SME,pdf,True,True,Cyber Event Protection CEP-005.1 Important Information & Policy Wording,https://emergenceinsurance.com/wp-content/uploads/sites/6/2024/02/Emergence_Cyber-Event-Protection_CEP-005.1_Important-Information-Policy-Wording_02.26.pdf,"Combined Important Information (PDS-style) and policy wording. Emergence calls CEP its flagship SME policy, for micro to mid-market businesses. The '02.26' in the filename suggests a Feb 2026 revision.",australia_nz
emergence-insurance-lloyd-s-f8c6a226,Emergence Insurance (Lloyd's),Cyber Event Protection,policy_wording,CEP-004.2,,Australia/NZ,AU,SME,pdf,True,False,Emergence Cyber Event Protection CEP-004.2 Important Information & Policy Wording,https://www.centrewest.com.au/wp-content/uploads/2023/07/Emergence-Cyber-Event-Protection-CEP-004.2.pdf,"OLDER edition, replaced by CEP-005.1. Hosted by a broker (Centrewest), uploaded Jul 2023.",australia_nz
emergence-insurance-lloyd-s-e9cbdd35,Emergence Insurance (Lloyd's),Cyber Event Protection,summary,,,Australia/NZ,AU,SME,pdf,True,True,Cyber Event Protection Policy Coverage Summary,https://emergenceinsurance.com/wp-content/uploads/sites/6/2024/02/Emergence_Cyber-Event-Protection_Policy-Coverage-Summary.pdf,Coverage summary that goes with the CEP-005.x wording (same upload folder).,australia_nz
emergence-insurance-lloyd-s-4e0f6589,Emergence Insurance (Lloyd's),Cyber Event Protection (New Zealand),policy_wording,CEP-005.1 NZ,2026-02,Australia/NZ,NZ,SME,pdf,True,True,Cyber Event Protection CEP-005.1 NZ General Information & Policy Wording,https://emergenceinsurance.com/wp-content/uploads/sites/6/2024/02/Emergence-NZ_Cyber-Event-Protection_CEP-005.1_General-Information-Policy-Wording_02.26.pdf,NZ version of the CEP-005.1 SME cyber wording. The '02.26' in the filename suggests a Feb 2026 revision.,australia_nz
emergence-insurance-lloyd-s-5beba460,Emergence Insurance (Lloyd's),Tech Event Protection,product_page,,,Australia/NZ,AU,SME,html,False,True,Tech Event Protection Policy Wording - Emergence Insurance,https://emergenceinsurance.com/tech-event-protection-policy-wording/,Landing page for the policy wording of Emergence's tech PI plus cyber product for technology SMEs. The search did not return a direct PDF URL.,australia_nz
guild-insurance-issued-by-emer-fcc896c3,Guild Insurance (issued by Emergence Insurance for Lloyd's underwriters),Guild Cyber Event Protection,policy_wording,GLD3690,2018-06,Australia/NZ,AU,SME,pdf,True,False,Better through experience. Cyber event protection (PDS),https://www.guildinsurance.com.au/docs/default-source/pds's/gld3690_cyber_event_protection_pds_062018_web.pdf?sfvrsn=e576690b_6,"OLDER PDS (06/2018). Guild-branded version of Emergence CEP, sold to professional and small-business clients.",australia_nz
qbe-insurance-australia-8357044b,QBE Insurance (Australia),QCyberProtect (AU),product_page,,,Australia/NZ,AU,all sizes,html,False,True,Cyber Insurance for Businesses | QCyberProtect | QBE AU,https://www.qbe.com/au/business-insurance/cyber,"Broker-distributed. The page says the Policy/PDS and TMD are 'available from your broker', and no public AU wording PDF turned up. QBE AU document hubs: https://www.qbe.com/au/policy-documents and https://www.qbe.com/au/tmd",australia_nz
qbe-insurance-new-zealand-6a90df43,QBE Insurance (New Zealand),QCyberProtect (NZ),policy_wording,CYB0625,2025-06,Australia/NZ,NZ,all sizes,pdf,True,True,cyb0625-nz-qcyberprotect (QBE NZ QCyberProtect),https://www.qbe.com/media/qbe/apac/new-zealand/document-listing/2025/08/13/22/38/cyb0625-nz-qcyberprotect.pdf,"Probably the NZ QCyberProtect policy wording. The filename code CYB0625 suggests a 06/2025 edition, uploaded 13 Aug 2025. The snippet title was only 'Qbe', so the document type is inferred.",australia_nz
qbe-insurance-new-zealand-dc67a97b,QBE Insurance (New Zealand),QCyberProtect (NZ),summary,,2025,Australia/NZ,NZ,all sizes,pdf,True,True,Comprehensive coverage with QCyberProtect (QBE NZ coverage sheet 2025),https://www.qbe.com/media/qbe/apac/new-zealand/files/qbe-nz-qcyberprotect-coverage-sheet-2025.pdf,2025 coverage sheet for NZ QCyberProtect.,australia_nz
aviva-canada-8484604f,Aviva Canada,Aviva Cyber Insurance for Business,product_page,,,Canada,CA,SMB,html,False,True,Aviva cyber insurance for business: Cyber insurance for Canadian businesses,https://www.aviva.ca/en/business/find-insurance/products/aviva-cyber-insurance-for-business/,"English. Add-on to Enterprise Property or Liability policies for small and medium businesses, with Privacy Expense only and Business Disruption Expense only options. Response services come from Sontiq (TransUnion). The page refers to the 'final policy wording', which is not public.",canada
aviva-canada-e03f8a1f,Aviva Canada,Cyber Suite,product_page,,,Canada,CA,SMB,html,False,True,Cyber Suite | Aviva Canada,https://www.aviva.ca/en/business/find-insurance/products/cyber-suite/,English. Aviva Canada Cyber Suite product page. No public wording was found.,canada
beazley-e904ca80,Beazley,Beazley Cyber / InfoSec (Canada),application,,,Canada,CA,all sizes,pdf,True,False,Beazley Cyber Application,https://www.beazley.com/globalassets/product-documents/application/beazley-cyber-infosec-app-ca.pdf,NON-US (Canada). Recorded for completeness.,us_specialty_a
chubb-820dab16,Chubb,DigiTech ERM (Canada),application,,,Canada,CA,all sizes,docx,True,True,digitech-erm-app.docx,https://www.chubb.com/content/dam/chubb-sites/chubb-com/ca-en/business-insurance/digitech-enterprise-risk-management-digitech-erm/documents/word/digitech-erm-app.docx,"Outside the US segment. Canadian DigiTech ERM application. | English. Application for combined tech E&O, media and cyber cover for technology companies.",canada;us_majors_1
chubb-canada-78c67bb5,Chubb Canada,Chubb Cyber Stack (small business services with Cyber ERM),summary,,2025-11-05,Canada,CA,SMB,pdf,True,True,Chubb Cyber Stack: Stacking up your digital defense (Canada sheet),https://www.chubb.com/content/dam/chubb-sites/chubb-com/ca-en/business-insurance/cyber-enterprise-risk-management-cyber-erm/documents/pdf/chubb_chubbcyberstack_stackingupyourdigitaldefense_sheet_110525-ca-en.pdf,"English. Covers the loss-mitigation services bundled for small businesses (100 employees or fewer), not the coverage terms. The edition date comes from the filename suffix 110525, read as 5 Nov 2025.",canada
chubb-canada-3c8f481e,Chubb Canada,Cyber Enterprise Risk Management (Cyber ERM),summary,,2021-07,Canada,CA,all sizes,pdf,True,True,"Cyber Enterprise Risk Management (Canada brochure, July 2021)",https://www.chubb.com/content/dam/chubb-sites/chubb-com/ca-en/business-insurance/cyber-enterprise-risk-management-cyber-erm/documents/pdf/2021-07-cyber-erm-brochure-ca-english.pdf,English. Canadian Cyber ERM brochure from Chubb Insurance Company of Canada. Older than 2023 but the latest Canadian edition found.,canada
chubb-canada-fb3b60ce,Chubb Canada,Cyber Enterprise Risk Management (Cyber ERM),summary,,2016-12,Canada,CA,all sizes,pdf,True,False,Cyber Enterprise Risk Management: A distinctive level of cyber protection,https://www.chubb.com/content/dam/chubb-sites/chubb-com/ca-en/business-insurance/cyber-enterprise-risk-management/documents/pdf/cyber-erm-12.16.pdf,English. OLDER (12/2016) Canadian Cyber ERM product overview.,canada
chubb-canada-8744d2d3,Chubb Canada,Cyber Enterprise Risk Management (Cyber ERM),application,PFC-48403 v4,2018-01,Canada,CA,all sizes,docx,True,False,"Canada Cyber ERM Application (PFC-48403 v4, 01-2018)",https://www.chubb.com/content/dam/chubb-sites/chubb-com/ca-en/business-insurance/cyber-enterprise-risk-management-cyber-erm/documents/word/canada-cybererm-app-pfc-48403-v4-01-2018.docx,English. OLDER (2018) full application. The form number and edition come from the filename.,canada
chubb-canada-1d2c2bc6,Chubb Canada,Cyber Enterprise Risk Management (Cyber ERM),application,,,Canada,CA,all sizes,docx,True,True,Cyber Renewal Application Form,https://www.chubb.com/content/dam/chubb-sites/chubb-com/ca-en/business-insurance/cyber-enterprise-risk-management-cyber-erm/documents/word/cyber-renewal-application-form.docx,English. Renewal application.,canada
chubb-canada-ca50c678,Chubb Canada,Cyber Enterprise Risk Management (Cyber ERM),application,,,Canada,CA,SMB,docx,True,True,Cyber ERM Canadian Short Form Application,https://www.chubb.com/content/dam/chubb-sites/chubb-com/ca-en/business-insurance/cyber-enterprise-risk-management-cyber-erm/documents/word/cybererm-canadian-short-form-app.docx,"English. Short-form application, usually meant for smaller risks.",canada
intact-insurance-03d0af99,Intact Insurance,Data breach / cyber coverage with Business Assistance Services (small business package),product_page,,,Canada,CA,SMB,html,False,True,Risk Control and Data Breach Coverage | Intact Insurance,https://www.intact.ca/en/business-insurance/coverage/business-assistance-services,English. Intact small business data breach/cyber cover with CyberScout support. No public wording was found.,canada
intact-insurance-6f60e17e,Intact Insurance,Technology specialty (Tech E&O + Cyber),product_page,,,Canada,CA,all sizes,html,False,True,Technology | Business Specialty solutions | Intact Insurance,https://www.intact.ca/en/business-insurance/specialty/technology-insurance,"English. Combined tech E&O, cyber and P&C with industry-specific wordings. No public wording was found.",canada
intact-public-entities-b6f6dca4,Intact Public Entities,Cyber Insurance (public entities program),summary,,2024-02,Canada,CA,all sizes,pdf,True,True,Cyber Insurance (IPE highlight sheet),https://www.intactpublicentities.ca/storage/media/files/Highlight_Sheets/IPE-CyberInsurance-0224-final.pdf,"English. Coverage highlight sheet for municipalities, public administration and community service organizations, many of which are small. The edition comes from the filename suffix 0224.",canada
intact-public-entities-39ba4a3c,Intact Public Entities,Cyber Risk (public entities program),application,,2021-05,Canada,CA,all sizes,docx,True,True,Cyber Risk Detailed Application (0521 v3),https://www.intactpublicentities.ca/storage/media/files/Applications/General/Cyber_Risk_Detailed_Application_0521v3.docx,English. OLDER (05/2021) detailed application. The edition comes from the filename.,canada
northbridge-insurance-7435c6a5,Northbridge Insurance,Cyber Risk Insurance,application,3818-005 (A3841EXC),,Canada,CA,all sizes,pdf,True,True,3818-005 Cyber Risk Insurance Application (A3841EXC),https://www.northbridgeinsurance.ca/wp-content/uploads/pdf/3818-005-general-cyber-application-form-en.pdf,English. General cyber application from Northbridge General Insurance Corporation. The policy is claims made and reported.,canada
northbridge-insurance-99ba7aa9,Northbridge Insurance,Cyber Risk Insurance,product_page,,,Canada,CA,all sizes,html,False,True,Cyber Risk Insurance | Northbridge Insurance,https://www.northbridgeinsurance.ca/specialty-solutions/cyber-risk-insurance/,"English. Product page (incident response, data recovery, BI, extortion, privacy liability, regulatory; CyberScout / Northbridge Cyber Assist). No public wording was found.",canada
travelers-canada-c0976d1b,Travelers Canada,Cyber+,product_page,,,Canada,CA,all sizes,html,False,True,Cyber+ | Travelers Canada,https://www.travelerscanada.ca/business-insurance/cyber-plus,"English. Newer Travelers Canada cyber product (first- and third-party cover, worldwide, ten insuring agreements with separate limits and retentions). No public wording was found.",canada
travelers-canada-6481795f,Travelers Canada,CyberRisk,summary,,2023-01-17,Canada,CA,all sizes,pdf,True,True,CyberRisk Coverage Highlight Sheet,https://www.travelerscanada.ca/iw-documents/canada/CyberRisk-Coverage-Highlight-Sheet_230117.pdf,English. Coverage highlight sheet. The edition date comes from the filename suffix 230117. It mentions the Betterment insuring agreement and pre-/post-breach services.,canada
travelers-canada-379ebaee,Travelers Canada,CyberRisk,summary,,,Canada,CA,all sizes,pdf,True,True,Travelers Canada CyberRisk,https://www.travelerscanada.ca/iw-documents/canada/CyberRisk.pdf,"English. Document type not verified because fetch was blocked. It is probably a product overview, possibly the specimen form. One search snippet mentioned a specimen table of contents (CYB-16001-TOC), but that is the Travelers US form number and could not be tied to this URL.",canada
travelers-canada-5bf9dd52,Travelers Canada,CyberRisk,application,,,Canada,CA,all sizes,pdf,True,True,CyberRisk Application,https://www.travelerscanada.ca/brokers/application-forms/documents/CyberRisk%20Application.pdf,English. Broker application form.,canada
travelers-canada-3b0f6292,Travelers Canada,CyberRisk Tech,product_page,,,Canada,CA,all sizes,html,False,True,CyberRisk Tech | Travelers Canada,https://www.travelerscanada.ca/business-insurance/cyber-risk-tech,English. Cyber plus tech E&O for technology companies. No public wording was found.,canada
zurich-via-bfl-canada-online-c-0fbb8c28,Zurich (via BFL Canada online cyber platform),Zurich Cyber Insurance Policy,specimen_policy,,,Canada,CA,SMB,pdf,True,True,Zurich Cyber Insurance Policy Declarations (Cyber Policy Wording),https://devcyber.bflcanada.ca/quote_pdf/demo_certificates/Cyber%20Policy%20Wording.pdf,"English. Demo/sample certificate hosted on the BFL Canada cyber quoting dev site (devcyber.bflcanada.ca). The file is named 'Cyber Policy Wording' and its search title is 'Zurich Cyber Insurance Policy Declarations', so it likely has the declarations and the policy wording together. The SMB target is inferred from the broker's online quote platform. Edition not verified.",canada
zurich-canada-eef894a6,Zurich Canada,Zurich Cyber Insurance Policy,summary,,,Canada,CA,mid-market,pdf,True,True,Zurich Canada Cyber Insurance Policy brochure (English),https://www.zurichcanada.com/-/media/project/zwp/canada/docs/english/security_privacy/cyber-insurance-policy-brochure_canada_final_english.pdf?la=en-ca&hash=F6D8DAF7990C25B944C8409A840E5243,"English. Coverage brochure listing security/privacy liability, regulatory, PCI, media, breach costs, BI/dependent BI, extortion, digital asset and reputational loss. Aimed at mid-sized and large corporates. An older copy of the same brochure also exists at a legacy path: https://www.zurichcanada.com/_/media/dbe/canada/docs/english/security_privacy/cyber-insurance-policy-brochure_canada_final_english.pdf?la=en-ca&hash=F89603F0AB74B6E63017C2BDE7FCF665F2EC6EAB",canada
allianz-elementar-versicherung-c2d0661d,Allianz Elementar Versicherungs-AG (Austria),Allianz Cyber-Schutz,summary,,2025,Europe,AT,all sizes,pdf,True,True,Cyber-Schutz-Versicherung Informationsblatt zu Versicherungsprodukten (IPID 2025),https://www.allianz.at/content/dam/onemarketing/cee/azat/privat_pdf/assistance/IPID-2025-Assistance-Cyber.pdf,German. IPID. The URL path (privat_pdf/assistance) suggests it may be the personal-lines or assistance Cyber-Schutz rather than the commercial one. Check the target market before use.,europe
allianz-elementar-versicherung-7e65324a,Allianz Elementar Versicherungs-AG (Austria),Allianz Cyber-Schutz (Firmen),summary,,,Europe,AT,SME,pdf,True,True,Allianz Cyber-Schutz Zielmarktbeschreibung,https://www.allianz.at/content/dam/onemarketing/cee/azat/makler/zielmarkt/firmen/allianz-cyber-schutz.pdf,German. Target-market description (POG/IDD) for the commercial Cyber-Schutz product in the broker area. Not a wording.,europe
allianz-suisse-switzerland-af76bbde,Allianz Suisse (Switzerland),Allianz Cyberversicherung Geschaeftskunden,product_page,,,Europe,CH,SME,html,False,True,Cyberversicherung | Cyberschutz fuer Unternehmen | Allianz,https://www.allianz.ch/de/geschaeftskunden/angebote/kombi-produkte/cyberversicherung.html,German. No AVB PDF URL surfaced for Allianz Suisse.,europe
allianz-versicherungs-ag-germa-269235ac,Allianz Versicherungs-AG (Germany),Allianz Cyber Schutz (CyberSchutz-Versicherung),policy_wording,,,Europe,DE,SME,pdf,True,False,Allianz Versicherungs-AG Allianz Cyber Schutz - Versicherungsbedingungen,https://www.hrp-aktuell.de/fileadmin/user_upload/Allianz_Cyber/Versicherungsbedingungen.pdf,"German. Hosted by an intermediary (hrp-aktuell.de), not by Allianz. Covers data protection breaches and IT risks. Edition not in the snippet, so it may not be current.",europe
axa-versicherung-ag-germany-c798c8dc,AXA Versicherung AG (Germany),AXA Cyber-Versicherung Geschaeftskunden (ByteProtect),product_page,,,Europe,DE,SMB,html,False,True,Cyber-Versicherung: Umfassend und flexibel versichert / AXA,https://www.axa.de/geschaeftskunden/cyber-versicherung,German. No public AVB found. Snippets mention ByteProtect 5.1 Kompakt conditions for companies with turnover up to EUR 10m. The wording seems to be on the broker portal entry.axa.de only.,europe
axa-versicherungen-ag-switzerl-c327e0d0,AXA Versicherungen AG (Switzerland),Cyberversicherung Unternehmen,policy_wording,,2024-06,Europe,CH,SME,pdf,True,True,Allgemeine Vertragsbedingungen (AVB) Cyberversicherung Unternehmen,https://www.axa.ch/doc/alxrt,"German. AXA short document link (serves a PDF of about 264 KB, per snippet). The snippet gives Edition 06.2024.",europe
beazley-3ba82ca9,Beazley,"Beazley Breach Response (Beazley Insurance dac, EU)",policy_wording,,,Europe,IE,SME,pdf,True,True,Beazley Breach Response,https://www.beazley.com/globalassets/product-documents/policy-form/beazley-breach-response-beazley-insurance-dac.pdf,"NON-US. BBR wording issued by Beazley Insurance dac (Ireland) for EU business. Recorded because it came up in the US searches; European agents may record it too. | BBR wording issued by Beazley Insurance dac (BIDAC). It may be the EU/international version rather than a UK-only wording, and the edition is not known. It is marked latest only because no newer wording was found.",uk_lloyds;us_specialty_a
beazley-7a5a3f60,Beazley,Beazley Breach Response (Denmark),summary,,,Europe,DK,SME,pdf,True,False,Beazley Breach Response Insurance Insurance Product Information Document,https://www.aon.com/getmedia/5c6cd759-6a68-4bb4-8e7b-53cc50b13a73/Denmark-BBR-IPID.aspx,NON-US (Denmark). BBR IPID hosted by the broker Aon. The URL uses an .aspx media handler; the file is probably a PDF.,us_specialty_a
beazley-f5c4feb9,Beazley,"Beazley Breach Response (EU cyber, SME and freelancers)",summary,,,Europe,EU,SME,pdf,True,False,Cyber insurance policy,https://www.beazley.com/globalassets/product-documents/guide/ipid-cml-bbr-final.pdf,"NON-US. EU-format Insurance Product Information Document (IPID) for BBR, aimed at small and medium-sized companies and freelancers. Country not identified. | Cyber IPID. The filename 'ipid-cml-bbr' suggests the myBeazley cyber and management liability / BBR product for small businesses. The snippet describes first-party loss and third-party liability cover for cyber attacks. No edition date was shown.",uk_lloyds;us_specialty_a
beazley-07ad15e6,Beazley,Beazley Breach Response (EU),summary,,02/2026,Europe,EU,SME,pdf,True,True,"Beazley (BBR IPID, AOC version)",https://www.cyberservices.beazley.com/globalassets/2026-02/beazley-bbr-ipid-aoc-version.pdf,"NON-US. BBR IPID; the path suggests February 2026. The meaning of 'AOC version' was not established. Country not identified. | BBR Insurance Product Information Document on the Beazley cyber services site. The date comes from the upload folder. The search result only showed the title 'Beazley', so this title comes from the filename. 'AOC' probably means 'any one claim' limit basis; this has not been checked.",uk_lloyds;us_specialty_a
chubb-c95cf2a6,Chubb,"Chubb Cyber ERM Version 2.2 (Czech Republic, English)",policy_wording,,Version 2.2,Europe,CZ,all sizes,pdf,True,True,Cyber Enterprise Risk Management Version 2.2 Policy Wording,https://www.chubb.com/content/dam/chubb-sites/chubb-com/cz-cz/for-business/financial-risk-professional-liability-insurance/documents/pdf/chubb_pp-cyber-enterprise-risk-management-en.pdf,"Outside the US segment. Covers Incident Response Expenses, Business Interruption Loss, and Cyber Extortion Damages and Expenses. | Hosted on Chubb Czech Republic site (English-language wording).",generic_sweep;us_majors_1
die-bayerische-by-die-bayerisc-479aebc2,Die Bayerische (BY die Bayerische Vorsorge / Bayerische Beamten Versicherung) (Germany),Cyber Multi Risk (Cyber-Versicherung),policy_wording,220172,,Europe,DE,SMB,pdf,True,True,Versicherungsbedingungen zur Cyber-Versicherung,https://www.diebayerische.de/dam/jcr:188deebf-4fb4-48ac-8291-31daf3b8f344/220172_bedingungen_cyber.pdf,German. Official host. Covers cyber damage arising from the insured business operations.,europe
die-bayerische-germany-782a1871,Die Bayerische (Germany),Cyber Multi Risk,summary,220173,,Europe,DE,SMB,pdf,True,True,Cyber Multi Risk - Highlightblatt,https://www.diebayerische.de/dam/jcr:a15e5dae-df16-43e5-bc4e-5edbc1d99001/220173_highlightblatt_cyber.pdf,German. Highlights sheet.,europe
ergo-versicherung-ag-germany-03576448,ERGO Versicherung AG (Germany),ERGO Cyber-Versicherung,policy_wording,,,Europe,DE,SMB,pdf,True,True,Wichtige Informationen zu Ihrer ERGO Cyber-Versicherung,https://makler-vertriebsportal.ergo.de/-/media/EE2EB8E6F8084B97B7D616A7219E0DDC.ashx?la=de-DE,German. Customer-information package for the full ERGO Cyber-Versicherung (own damage plus third-party liability). Likely contains the AVB (not verified).,europe
ergo-versicherung-ag-germany-d46bfb1b,ERGO Versicherung AG (Germany),ERGO Cyber-Versicherung,application,50071414,2019-07,Europe,DE,SMB,pdf,True,False,Fragebogen zum Abschluss einer ERGO Cyber-Versicherung,https://www.haake-versicherungen.de/fileadmin/user_upload/pdf/50071414_Risikofragebogen_Cyber_7.19_final.pdf,"German. OLDER risk questionnaire (7.19), hosted by a broker.",europe
ergo-versicherung-ag-germany-f16554f8,ERGO Versicherung AG (Germany),ERGO Cyber-Versicherung Branchentarif,application,50075881,2021-03,Europe,DE,SMB,pdf,True,False,Antrag ERGO Cyber-Versicherung 'Branchentarif',https://makler.ergo.de/.cf-assets-proxy/k9sw8g0z31mx/5J186go5AQtBL7lQFe1493/a8461fb3914c59977a0cb8f1d4b4a5e6/50075881_Antrag_Cyber_Branchentarif_3.2021_beschreibbares_PDF_neu.pdf,German. Application form 3.2021. OLDER.,europe
ergo-versicherung-ag-germany-be973c19,ERGO Versicherung AG (Germany),ERGO Cyber-Versicherung Kompakt,policy_wording,,,Europe,DE,micro,pdf,True,True,Wichtige Informationen zu Ihrer ERGO Cyber-Versicherung Kompakt,https://makler-vertriebsportal.ergo.de/-/media/1240E5C1DC0441F28B1019077CC25572.ashx?la=de-DE,German. ERGO 'Wichtige Informationen' customer-information package. These packages usually bundle pre-contract information with the Versicherungsbedingungen (not verified). Cheaper Kompakt variant covering selected own-damage and service costs.,europe
ergo-versicherung-ag-germany-e6107a30,ERGO Versicherung AG (Germany),ERGO Cyber-Versicherungen,summary,,2021-02,Europe,DE,SMB,pdf,True,False,Wie Sie Ihr Unternehmen vor den Folgen von Cyber-Angriffen schuetzen (Broschuere 2.2021),https://makler.ergo.de/.cf-assets-proxy/k9sw8g0z31mx/56AP8zeX6fRFEnjmCKpSnR/b2af219d84939c8381f813d02fde39b2/Broschuere_ERGO_Cyber-Versicherungen_2.2021_ES.pdf,German. OLDER product brochure.,europe
gdv-gesamtverband-der-deutsche-439ec5d6,GDV (Gesamtverband der Deutschen Versicherungswirtschaft) - model conditions,AVB Cyber (Musterbedingungen) - alternate edition,policy_wording,,,Europe,DE,SME,pdf,True,False,Allgemeine Versicherungsbedingungen fuer die Cyberrisiko-Versicherung (AVB Cyber) [different blob hash],https://www.gdv.de/resource/blob/6100/95b61f83158d6e3459b3f92773d6d679/01-allgemeine-versicherungsbedingungen-fuer-die-cyberrisiko-versicherung-avb-cyber--data.pdf,German. A third GDV blob of AVB Cyber. Its edition date was not in the snippet.,europe
gdv-gesamtverband-der-deutsche-169a886d,GDV (Gesamtverband der Deutschen Versicherungswirtschaft) - model conditions,AVB Cyber (Musterbedingungen) - alternate edition,policy_wording,,,Europe,DE,SME,pdf,True,False,Allgemeine Versicherungsbedingungen fuer die Cyberrisiko-Versicherung (AVB Cyber) [different blob hash],https://www.gdv.de/resource/blob/6100/d4c013232e8b0a5722b7655b8c0cc207/01-allgemeine-versicherungsbedingungen-fuer-die-cyberrisiko-versicherung-avb-cyber--data.pdf,"German. Separate GDV blob of AVB Cyber with a different hash, so probably an earlier or later edition. Its edition date was not in the snippet.",europe
gdv-gesamtverband-der-deutsche-15e286da,GDV (Gesamtverband der Deutschen Versicherungswirtschaft) - model conditions,AVB Cyber - Allgemeine Versicherungsbedingungen fuer die Cyberrisiko-Versicherung (Musterbedingungen),policy_wording,,2024-02,Europe,DE,SME,pdf,True,True,Allgemeine Versicherungsbedingungen fuer die Cyberrisiko-Versicherung (AVB Cyber),https://www.gdv.de/resource/blob/6100/a0fed56c4947751cdc20b5206c171d98/01-allgemeine-versicherungsbedingungen-fuer-die-cyberrisiko-versicherung-avb-cyber--data.pdf,"German. Non-binding GDV model conditions. The search snippet dates this version to February 2024: Part A with A1 general, A2 costs before/after a claim, A3 liability, A4 own damage incl. BI and data recovery. The GDV model was designed with SMEs in mind.",europe
gdv-gesamtverband-der-deutsche-1df9a677,GDV (Gesamtverband der Deutschen Versicherungswirtschaft) - model conditions,Risikofragebogen Cyber (model risk questionnaire),application,,,Europe,DE,SME,pdf,True,True,Risikofragebogen Cyber,https://www.gdv.de/resource/blob/6102/0e5e65afe025a091c76d45ed5cb0bdbe/02-risikofragebogen-cyber-data.pdf,German. GDV model risk questionnaire that accompanies AVB Cyber.,europe
gothaer-allgemeine-versicherun-98744864,Gothaer Allgemeine Versicherung AG (Germany),Die Gothaer GewerbeProtect (SME package incl. Cyber module),policy_wording,216293,,Europe,DE,SMB,pdf,True,True,Kundeninformationen und Versicherungsbedingungen Die Gothaer GewerbeProtect,https://partner.gothaer.de/app/dvzui/ui-api/download/?artNr=216293,German. Another GewerbeProtect conditions part. The snippet does not say whether it holds the cyber module.,europe
gothaer-allgemeine-versicherun-4f8f8f83,Gothaer Allgemeine Versicherung AG (Germany),Die Gothaer GewerbeProtect (SME package incl. Cyber module),policy_wording,216308,2023-07,Europe,DE,SMB,pdf,True,True,216308 - 07/2023 Kundeninformationen und Versicherungsbedingungen Die Gothaer GewerbeProtect,https://www.gothaer.de/StreamingServlet/app/dvz/DocumentDownload/216308?scope=gothaer_scope,German. Conditions for the multi-line GewerbeProtect package. Snippets describe a GewerbeProtect cyber cover for turnover up to EUR 10m. The snippet does not confirm that this article number contains the cyber part. The same article is also at partner.gothaer.de/app/dvzui/ui-api/download/?artNr=216308.,europe
gothaer-allgemeine-versicherun-3b6a10df,Gothaer Allgemeine Versicherung AG (Germany),Gothaer Cyber-Versicherung,summary,117231,,Europe,DE,SMB,pdf,True,True,Gothaer Cyber-Versicherung Informationsmappe,https://partner.gothaer.de/StreamingServlet/app/dvz/DocumentDownload/117231?scope=makler_scope,German. Broker information pack.,europe
gothaer-allgemeine-versicherun-f369b916,Gothaer Allgemeine Versicherung AG (Germany),Gothaer Cyber-Versicherung Gewerbe,policy_wording,,2022-01,Europe,DE,SMB,pdf,True,False,Kundeninformationen und Versicherungsbedingungen Gothaer Cyber-Versicherung,https://partner.gothaer.de/media/bilder_partnerportal/sach/unternehmerkunden/haftpflicht/gothaer_cyber_versicherung_gewerbe_01_22.pdf,"German. Standalone commercial cyber, edition 01/2022. Gothaer now also offers cyber as a GewerbeProtect module (see below). Covers businesses in DE/AT.",europe
hdi-versicherung-ag-austria-42ef401e,HDI Versicherung AG (Austria),HDI Cyber+,summary,,,Europe,AT,SMB,pdf,True,True,CYBER+ Das Plus fuer Ihre IT-Sicherheit,https://www.hdi.at/downloads/downloads_firmen/folder/cyber.pdf,German. Brochure (folder) for HDI Austria Cyber+.,europe
hdi-versicherung-ag-austria-996990eb,HDI Versicherung AG (Austria),HDI Cyber-Versicherung Unternehmen (Cyber+),summary,,,Europe,AT,SMB,pdf,True,True,Cyber-Versicherung Unternehmen (Produktblatt),https://www.hdi.at/downloads/downloads_firmen/produktblaetter/cyber.pdf,German. HDI Austria product sheet. The wording was not found separately.,europe
hdi-versicherung-ag-germany-05f2c0b8,HDI Versicherung AG (Germany),HDI Cyberversicherung,application,7003001126,2018-10,Europe,DE,SMB,pdf,True,False,Versicherungsantrag auf Cyberversicherung (7003001126-201810),https://www.eft-service.de/application/files/1415/8514/4919/Cyber_AN_201810__bft.pdf,"German. OLDER application form, hosted by a third party.",europe
hdi-versicherung-ag-germany-7f5fea1d,HDI Versicherung AG (Germany),HDI Cyberversicherung fuer Firmen und Freie Berufe,policy_wording,7003031470,,Europe,DE,SMB,pdf,True,True,7003031470 Versicherungsbedingungen zur Cyberversicherung fuer [Firmen und Freie Berufe],https://vertriebsservice.hdi-gerling.de/media/easynet/7003031470.pdf,German. Official HDI sales-service host. Includes an annual premium review clause (5% threshold). Edition not in the snippet.,europe
hdi-versicherung-ag-germany-898b4aa8,HDI Versicherung AG (Germany),HDI Cyberversicherung fuer Firmen und Freie Berufe,summary,,2022-10,Europe,DE,SMB,pdf,True,False,HDI Cyberversicherung fuer Firmen und Freie Berufe - Produktprofil,https://berater.hdi.de/contentdocuments/hdi_berater/user/0115866/userdocuments/-1/HDI_Cyberversicherung_Produktprofil_1665144492783.pdf,German. Product profile or overview. Edition inferred from the upload timestamp in the filename (Oct 2022).,europe
hiscox-sa-austria-da7d615f,Hiscox SA (Austria),Hiscox Modulprodukt Oesterreich (incl. CyberClear) - Allgemeine Versicherungsinformationen,summary,,2022-06,Europe,AT,SMB,pdf,True,True,Allgemeine Versicherungsinformationen Modulprodukt AT 06/2022,https://brochureware.hiscox.de/sites/default/files/documents/versicherungsinformationen_modulprodukt_at_0622-1.pdf,"German. Austrian version of the pre-contractual information for the modular product, referencing CyberClear 06/2022.",europe
hiscox-sa-germany-a7e4ab1a,Hiscox SA (Germany),Hiscox CyberClear,policy_wording,,2022-06,Europe,DE,SMB,pdf,True,True,Hiscox CyberClear Bedingungen 06/2022,https://brochureware.hiscox.de/sites/default/files/documents/bedingungen-hiscox-cyberclear-062022-1.pdf,German. Official Hiscox Germany host. The newest CyberClear edition found. A later edition may exist but did not surface.,europe
hiscox-sa-germany-c398646b,Hiscox SA (Germany),Hiscox CyberClear,policy_wording,,2019-03,Europe,DE,SMB,pdf,True,False,Hiscox CyberClear Bedingungen 03/2019,https://www.kuv24-cyber.de/_downloads/assets/595_HISCOX_CyberClear_Bedingungen_032019.pdf,"German. OLDER edition, hosted by broker kuv24.",europe
hiscox-sa-germany-78f4d2e1,Hiscox SA (Germany),Hiscox CyberClear,policy_wording,,2020-10,Europe,DE,SMB,pdf,True,False,Hiscox CyberClear Bedingungen 10/2020,https://www.kuv24-cyber.de/_downloads/assets/703_BEDINGUNGEN_hiscoxcyberclear_202010.pdf,"German. OLDER edition, hosted by broker kuv24.",europe
hiscox-sa-germany-50559730,Hiscox SA (Germany),Hiscox CyberClear,policy_wording,,2018-01 (Stand 2019-02),Europe,DE,SMB,pdf,True,False,Hiscox CyberClear Bedingungen 01/2018 (Stand 02/2019),https://www.kuv24-cyber.de/_downloads/flexi/bedingung/34_bedingungen_HICSOX_Bedingungen_CyberClear_201801_Stand_201902.pdf,"German. OLDER edition, hosted by broker kuv24.",europe
hiscox-sa-germany-dc310746,Hiscox SA (Germany),Hiscox CyberClear Start (IT-Unternehmen),policy_wording,,2018-04,Europe,DE,micro,pdf,True,False,Hiscox CyberClear Start Bedingungen 04/2018,https://www.kuv24-media.de/_downloads/assets/548_BEDINGUNGEN_hiscoxcyberclearstartitunternehmen_201804.pdf,"German. OLDER edition of the entry-level CyberClear Start variant for IT companies, hosted by broker kuv24.",europe
hiscox-sa-germany-405180a2,Hiscox SA (Germany),Hiscox Modulprodukt (incl. CyberClear) - Allgemeine Versicherungsinformationen,summary,,2022-06,Europe,DE,SMB,pdf,True,True,Allgemeine Versicherungsinformationen nach Par. 7 VVG - Modulprodukt 06/2022,https://brochureware.hiscox.de/sites/default/files/documents/versicherungsinformationen_modulprodukt_0622-2.pdf,"German. Pre-contractual information (VVG-InfoV) for the modular product line, which references the CyberClear Bedingungen 06/2022.",europe
markel-insurance-se-austria-vi-3a08093d,"Markel Insurance SE (Austria, via INFINCO)",Markel Pro Cyber (Austria),policy_wording,,2022,Europe,AT,SME,pdf,True,True,Am Puls der Zeit - Wording zur Pro-Cyber-Versicherung (AT 2022),https://www.infinco.com/wp-content/uploads/2022/04/Wording-INFINCO-Markel-Pro-Cyber-AT-2022.pdf,German. Austrian wording distributed by the underwriting agency INFINCO.,europe
markel-insurance-se-germany-a2837698,Markel Insurance SE (Germany),Markel Pro Cyber v2,policy_wording,,v2,Europe,DE,SME,pdf,True,True,Bedingungen Pro Cyber v2,https://content.markel.com/api/public/content/MARKEL-Cyber-Pro-Cyber-Bedingungen-GER,"German. Official Markel content API. Modular: core 'Cyber- und Dateneigenschaden' plus optional cyber BI, extortion, payment means, trust damage and liability. Technical-failure BI is sublimited to EUR 250k.",europe
markel-insurance-se-germany-e3c11b95,Markel Insurance SE (Germany),Markel Pro Cyber v2,application,,v2,Europe,DE,SME,pdf,True,True,Fragebogen Pro Cyber v2,https://content.markel.com/api/public/content/MARKEL-Cyber-Pro-Cyber-Fragebogen-GER?v=6f47e5c8,German. Proposal questionnaire.,europe
r-v-allgemeine-versicherung-ag-a314ec8c,R+V Allgemeine Versicherung AG (Germany),R+V-Medizinerpolice CyberRisk,policy_wording,,,Europe,DE,micro,pdf,True,True,Versicherungsbedingungen zur R+V-CyberRisk-Versicherung (Medizinerpolice),https://www.ruv.de/dam/jcr:7378fbbd-f85d-4ff7-90d6-ace82cdec136/versicherungsbedingungen-ruv-medizinerpolice-cyberrisk.pdf,German. Official R+V host. Cyber conditions for medical practices.,europe
r-v-allgemeine-versicherung-ag-400416d1,R+V Allgemeine Versicherung AG (Germany),R+V-Unternehmenspolice Cyber,summary,,2016-11,Europe,DE,SME,pdf,True,False,Schuetzen Sie Ihr Firmenvermoegen vor Cyber-Risiken (Informationsblatt),https://www.ruv.de/dam/jcr:d85a0c9c-ac52-4c23-aebb-440d2f137b39/161123_IB_UNP_Cyber_IN.pdf,German. OLDER information leaflet (the filename prefix 161123 suggests Nov 2016).,europe
r-v-allgemeine-versicherung-ag-58c45b19,R+V Allgemeine Versicherung AG (Germany),R+V-Unternehmenspolice CyberRisk,policy_wording,,,Europe,DE,SME,pdf,True,False,Versicherungsbedingungen zur R+V-CyberRisk-Versicherung,https://do-rechner.de/files/Versicherungsbedingungen_zur_RuV_CyberRisk_Versicherung.pdf,German. Hosted by a third party (do-rechner.de). Edition unknown and it may be older. R+V now markets an 'R+V-Cyberversicherung' whose current wording did not surface.,europe
r-v-allgemeine-versicherung-ag-5ab1afe0,R+V Allgemeine Versicherung AG (Germany),R+V-Unternehmenspolice CyberRisk,summary,,,Europe,DE,SME,pdf,True,False,R+V-Unternehmenspolice Leistungsuebersicht CyberRisk Versicherung,https://do-rechner.de/files/Leistungsubersicht_CyberRisk_Versicherung.pdf,"German. Benefits overview, hosted by a third party.",europe
rhion-versicherung-ag-r-v-grou-e4b8f947,rhion Versicherung AG (R+V group) (Germany),Cyber-Versicherung Kompakt (CVK 2019),policy_wording,S2116,2020-10,Europe,DE,micro,pdf,True,False,Allgemeine Versicherungsbedingungen fuer die Cyber-Versicherung Kompakt (CVK 2019),https://rhion.digital/fileadmin/redaktion/DOWNLOADS/Bedingungen/2_Gewerbekunden/2-4_Haftpflicht/1_Allgemeine_Bedingungen_und__Informationen/S2116_2020_10b_Allgem_Bed_Cyber_Versicherung_Kompakt_CVK2019.pdf,"German. Official rhion host, in the commercial-customer (Gewerbekunden) section. The 2020-10 edition may have been superseded.",europe
signal-iduna-allgemeine-versic-a6913be9,SIGNAL IDUNA Allgemeine Versicherung AG (Germany),SI Cyberschutz / Cyberversicherung fuer Unternehmen,product_page,,,Europe,DE,SMB,html,False,True,Cyberversicherung fuer Unternehmen: Schutz vor Cyberangriffen,https://www.signal-iduna.de/firmenkunden/firmenabsicherung/cyber.php,"German. Modular (emergency assistance, IT security and PR consulting, plus data recovery, BI, ransomware and third-party modules). No public AVB PDF surfaced.",europe
sv-sparkassenversicherung-germ-5ee8a94c,SV SparkassenVersicherung (Germany),SV CyberSchutz - Betriebsunterbrechung module,endorsement,,2024-09,Europe,DE,SME,pdf,True,True,"Risikobeschreibungen, Besondere Bedingungen und Erlaeuterungen (RBE) CyberSchutz Betriebsunterbrechung",https://sv-makler.de/documents/31880/44613/RBE-CyberSchutz-BU.pdf/9a601576-9f57-e47e-54f5-1f8519d10509?t=1746437069696,"German. Special conditions for cyber business interruption, dated September 2024 per snippet. From the SV broker portal.",europe
unknown-insurer-distributed-by-db0c3a39,Unknown insurer (distributed by Sparkasse Nuernberg),Cyber-Versicherung (Sparkasse distribution),policy_wording,128885000D0,2019-01,Europe,DE,SMB,pdf,True,False,Allgemeine Bedingungen fuer die Cyber-Versicherung Fassung Januar 2019,https://www.sparkasse-nuernberg.de/content/dam/myif/spk-nuernberg/work/dokumente/pdf/vertragsbedingungen/Bedingungen%20128885000D0_Cyber_v1.0_20190522.pdf?n=true,"German. OLDER (Fassung Jan 2019, file v1.0 dated 2019-05-22). The snippet does not name the risk carrier. Sparkassen in Bavaria usually work with the Versicherungskammer Bayern group, but that is not confirmed.",europe
versicherungskammer-bayern-ger-249ea4da,Versicherungskammer Bayern (Germany),VKB Cyber-Versicherung Unternehmen,product_page,,,Europe,DE,SMB,html,False,True,Cyber-Versicherung | Versicherungskammer Bayern,https://www.vkb.de/content/firmen-landwirte/unternehmen/haftpflicht/cyber-versicherung/,German. No VKB-hosted wording URL surfaced (but see the Sparkasse Nuernberg entry).,europe
vhv-allgemeine-versicherung-ag-e7e2f126,VHV Allgemeine Versicherung AG (Germany),VHV AVB (product not confirmed - surfaced in CYBERPROTECT search),policy_wording,101.0005.42,,Europe,DE,SMB,pdf,True,False,AVB_Versicherungsbedingungen_101.0005.42,https://www.vhv.de/dam/jcr:55f13d74-907f-49e8-94d6-ca6633eb4b30/AVB_Versicherungsbedingungen_101.0005.42.pdf,German. A VHV AVB PDF that came up in a cyber-targeted search of vhv.de. Its product is NOT confirmed as CYBERPROTECT. Check before relying on it.,europe
vhv-allgemeine-versicherung-ag-046b4257,VHV Allgemeine Versicherung AG (Germany),VHV CYBERPROTECT,summary,400.0031.45,,Europe,DE,SMB,pdf,True,True,Produktuebersicht VHV CYBERPROTECT,https://www.vhv.de/ds/400.0031.45.pdf,German. Product overview.,europe
vhv-allgemeine-versicherung-ag-6f0bd6eb,VHV Allgemeine Versicherung AG (Germany),VHV CYBERPROTECT,summary,400.0031.46,,Europe,DE,SMB,pdf,True,True,cyberprotect,https://www.vhv.de/ds/400.0031.46.pdf,German. Official VHV document with a form number next to the product overview. The snippet does not show its exact type; it may be a brochure or the conditions.,europe
zurich-insurance-company-ltd-s-03b83571,Zurich Insurance Company Ltd (Switzerland),Zurich Cyberversicherung (via Wuerth Financial Services Optima SME package),policy_wording,,2024-01,Europe,CH,SME,pdf,True,True,Cyberversicherung - Versicherungsbedingungen - Ausgabe 01/2024,https://www.wuerth-fs.com/media/pictures/wfs/optima_1/externe_dokumente/Cyberversicherung_-_Versicherungsbedingungen_-_Ausgabe_01.2024.pdf,German. Carrier identified from the Zurich Cyber Hotline (+41 44 629 10 40) in the snippet. Hosted by Wuerth Financial Services (broker) for its 'Optima' SME programme.,europe
chubb-1e7b0e20,Chubb,Chubb Cyber ERM Version 2.2 (International),policy_wording,,,International,multiple,all sizes,pdf,True,True,Cyber Enterprise Risk Management Version 2.2 Policy Documents,https://lmalloyds.com/wp-content/uploads/2025/09/Chubb-Cyber-ERM-V2.2-Policy-Documents-1-003-International.pdf,"Outside the US segment. International Cyber ERM V2.2 wording, uploaded to the LMA site Sept 2025.",us_majors_1
chubb-739d7f0b,Chubb,Chubb Cyber Protect via Studio Connect (EMEA),specimen_policy,,,International,multiple,SMB,pdf,True,True,Cyber Protect Policy Wording Sample Document,https://studio.chubb.com/connect/files/EMEA_Cyber_Sample.pdf,"Outside the US segment. Sample wording for Chubb's embedded/digital small-business cyber product on Studio Connect. | Hosted on Chubb Studio Connect, Chubb's platform for digital and embedded distribution partners. EMEA sample; specific country not stated.",generic_sweep;us_majors_1
klapton-insurance-company-ce11de4e,Klapton Insurance Company,KIC Cyber Insurance Policy,policy_wording,,2024 (posted 31.1.2025),Other,,all sizes,pdf,True,True,"CYBER INSURANCE POLICY WORDING - Preamble, Chapter 1: Cyber Incident Response",https://www.klapton.com/wp-content/uploads/2025/01/KIC-Cyber-Policy-Wording_Final-2024-new-31.1.2025.pdf,Hosted by Klapton (carrier site). Country of domicile not confirmed from the snippet.,generic_sweep
klapton-insurance-company-90f41d0c,Klapton Insurance Company,KIC Cyber Insurance Policy,application,,2024-11-11,Other,,all sizes,pdf,True,True,Cyber Risk Proposal Form | Klapton,https://www.klapton.com/wp-content/uploads/2024/11/KIC-Cyber-Policy-Propsal-Form_Final-2024-new-11-11-24.pdf,Hosted by Klapton (carrier site). Proposal (application) form.,generic_sweep
aig-7559a6f6,AIG,CyberEdge (UK),policy_wording,,,UK,GB,all sizes,pdf,True,True,CyberEdge(R) Policy Documentation,https://www.aig.co.uk/content/dam/aig/emea/united-kingdom/documents/Financial-lines/Cyber/cyberedge-policy-documentation.pdf,Outside the US segment. Recorded because it surfaced in AIG searches. Edition not shown in the snippet.,us_majors_1
aviva-1c64dcb4,Aviva,Aviva Cyber Insurance (sample wording),policy_wording,BCOCR16623,,UK,GB,SME,pdf,True,True,Your Sample Cyber Insurance Policy Wording,https://connect.avivab2b.co.uk/brokerPublicProductDocuments/BCOCR16623?productCode=CYB,Hosted on Aviva broker portal (public product documents). The form code comes from the URL.,generic_sweep
aviva-fc6a1b06,Aviva,Cyber Insurance Policy section,coverage_form,BCOAG15081,,UK,GB,SME,pdf,True,False,Cyber Insurance Policy section,https://static.aviva.io/content/dam/document-library/adviser/migration/bcoag15081.pdf,Hosted in Aviva's adviser document library ('migration' folder). Likely the cyber section of a package policy. May be an older edition than BCOCR16623.,generic_sweep
beazley-2926ab91,Beazley,Beazley Breach Response Module (combined with medical/allied liability),policy_wording,,2023-10,UK,GB,SME,pdf,True,True,Beazley Breach Response Module,https://allmedpro.co.uk/wp-content/uploads/2023/10/1713232695-Policy-Wording.pdf,"Hosted by a third party (Allmedpro, a UK medical malpractice broker). This is the Beazley BBR module wording inside a scheme policy. The snippet mentions Insuring Clause 7 (Breach Response) and Insuring Clause 11 (Cyber First Party Loss). The date comes from the upload folder.",uk_lloyds
beazley-9bfbc351,Beazley,Beazley Financial Institutions and Breach Response Services,policy_wording,UK-1218,2018-12,UK,GB,all sizes,pdf,True,False,Beazley | Financial Institutions and Breach Response Services,https://www.beazley.com/globalassets/product-documents/policy-form/beazley-sl-financial-institutions-breach-services-wording-lloyds-uk-101218-1.pdf,OLDER. This is a sector-specific (financial institutions) Lloyd's wording with breach response/cyber cover. It is not a general SME cyber product.,uk_lloyds
beazley-48483912,Beazley,Beazley Full Spectrum Cyber (myBeazley / Beazley Digital small business),product_page,,,UK,GB,SME,html,False,True,Beazley Digital | beazley,https://www.beazley.com/en-GB/products/small-business-solutions-united-kingdom/,UK small business products page (myBeazley / Beazley Digital). According to the search summary it covers Full Spectrum Cyber for small businesses. No public Full Spectrum Cyber UK wording URL was found.,uk_lloyds
beazley-bb7cbdea,Beazley,Beazley Investment Managers and Breach Response Services,policy_wording,UK-1218,2018-12,UK,GB,all sizes,pdf,True,False,Beazley | Investment Managers and Breach Response Services,https://www.beazley.com/globalassets/product-documents/policy-form/beazley-sl-investment-managers-breach-response-services-wording-bidac-uk-101218-1.pdf,OLDER. This is the BIDAC version of the combined investment managers and breach response wording. It is sector-specific.,uk_lloyds
beazley-6bf102e0,Beazley,Beazley Investment Managers and Breach Response Services,policy_wording,UK-1218,2018-12,UK,GB,all sizes,pdf,True,False,Beazley | Investment Managers and Breach Response Services,https://www.beazley.com/globalassets/product-documents/policy-form/beazley-sl-investment-managers-breach-response-services-wording-lloyds-uk-101218-1.pdf,"OLDER. This is the Lloyd's version, a sector-specific combined wording (investment managers) that includes breach response/cyber. It is not a general SME cyber product.",uk_lloyds
beazley-990d95c9,Beazley,Beazley Virtual Care UK (includes breach response),policy_wording,,,UK,GB,all sizes,pdf,True,True,Policy wording Beazley | Virtual Care UK,https://www.beazley.com/globalassets/product-documents/policy-form/beazley-virtual-care-wording-uk-bidac-mm.pdf,"Sector-specific (telehealth/virtual care) BIDAC wording. It refers to BBR Services Team breach response. It is a combined policy, not a standalone SME cyber policy.",uk_lloyds
cfc-underwriting-f6c23eba,CFC Underwriting,CFC Cyber Proactive Response,summary,Wording v4.0,2025-04,UK,GB,all sizes,pdf,True,True,Cyber Proactive Response (Key Facts),https://webcdn.cfc.com/media/kidpckkm/cyber-proactive-response-key-facts-v40.pdf,"Key facts for CFC's current cyber wording (v4.0, April 2025). It is underwritten at Lloyd's and by other insurers. The full wording URL was not found; CFC offers an interactive wording on its site. It may be international rather than UK-only.",uk_lloyds
cfc-underwriting-e4d8816f,CFC Underwriting,"CFC Cyber, Private Enterprise",policy_wording,,2017-04,UK,GB,SME,pdf,True,False,CYBER PRIVATE ENTERPRISE (CFC Cyber Insurance Private Enterprise UK April 2017),https://d10ou7l0uhgg4f.cloudfront.net/wp-content/uploads/2017/07/13161213/CFC-Cyber-Insurance_Private-Enterprise_UK_April2017.pdf,OLDER (2017). Hosted by a third party on a broker's CloudFront. The document type has not been checked: it could be a wording or a brochure. It is classed from the title and filename only.,uk_lloyds
cfc-underwriting-5e937c6a,CFC Underwriting,"CFC Cyber, Private Enterprise",summary,Wording v3.1,2023-09,UK,GB,SME,pdf,True,True,"Cyber, Private Enterprise (Key Facts) Sept 2023",https://webcdn.cfc.com/media/ggqb04eu/cyber-private-enterprise-key-facts-v31-sept-2023.pdf,Key facts for CFC's SME and private company cyber product (wording v3.1). The 2025 Cyber Proactive Response v4.0 may have replaced it; this has not been checked.,uk_lloyds
cfc-underwriting-2484aefc,CFC Underwriting,"CFC Cyber, Private Enterprise",summary,v2,,UK,GB,SME,pdf,True,False,Cyber Private enterprise (Key Facts v2),https://www.cfc.com/media/4984/cyber-private-enterprise_keyfacts-v2.pdf,OLDER. Earlier key facts for Cyber Private Enterprise.,uk_lloyds
cfc-underwriting-e8908fe4,CFC Underwriting,"CFC Cyber, Private Enterprise",application,,,UK,GB,SME,pdf,True,False,Cyber Private enterprise Application form United Kingdom,https://webcdn.cfc.com/media/3280/cyber-combined-application_private-enterprise_uk_w-cover.pdf,OLDER (lower media ID than v2.5). The same file is also at https://www.cfc.com/media/3280/cyber-combined-application_private-enterprise_uk_w-cover.pdf.,uk_lloyds
cfc-underwriting-73029ed1,CFC Underwriting,"CFC Cyber, Private Enterprise",application,v2.5,,UK,GB,SME,pdf,True,True,Cyber private enterprise Insurance application form UK,https://www.cfc.com/media/4555/cyber_combined_application_uk_v25.pdf,UK SME cyber application form (v2.5). It asks about incidents in the last three years and about critical third-party technology providers.,uk_lloyds
coalition-15d084eb,Coalition,Coalition Cyber Insurance (UK),specimen_policy,,2026,UK,GB,micro,pdf,True,True,Coalition Cyber Insurance Specimen Policy 2026 - East Wittering and Bracklesham Parish Council,https://ewbpc.org.uk/wp-content/uploads/2026/05/2460114550-Coalition-Cyber-Insurance-Specimen-Policy-2026-East-Wittering-and-Bracklesham-Parish-Council.pdf,Outside the US segment. Recorded because it is a Coalition document labelled a specimen. A UK parish council posted it in May 2026. Pass it to the UK agent for de-duplication. | Hosted by East Wittering and Bracklesham Parish Council (UK local council publishes its insurance documents). Arranged by Coalition Risk Solutions Ltd under delegated authority. Newest dated document found in this sweep.,generic_sweep;insurtech_1
coalition-e266c5b4,Coalition,Coalition Cyber Policy (UK),policy_wording,,2025,UK,GB,micro,pdf,True,True,Barton-upon-Humber Town Council 2025 Coalition Cyber Policy Documentation,https://www.bartonuponhumbertowncouncil.gov.uk/wp-content/uploads/2026/03/Barton-upon-Humber-Town-Council-2025-Coalition-Cyber-Policy-Documentation.pdf,"Outside the US segment. This is the UK Coalition cyber (and technology) policy documentation that a town council posted in March 2026. It is an issued policy, not a blank specimen. | Hosted by Barton upon Humber Town Council (UK). Issued policy documentation, likely including the schedule plus the wording. Superseded by the 2026 specimen hosted by East Wittering parish council.",generic_sweep;insurtech_1
hiscox-3b32a9ca,Hiscox,Hiscox CyberClear (UK),policy_wording,19029,03/2019,UK,GB,SMB,pdf,True,False,Cyber and data insurance Policy wording,https://www.hiscox.co.uk/sites/uk/files/documents/2019-03/19029-Hiscox-CyberClear-policy-wording.pdf,OLDER and NON-US (UK). Recorded because it came up in the US searches; a UK agent may record a newer edition.,us_specialty_a
hiscox-4cba043b,Hiscox,Hiscox CyberClear (UK),summary,19326,03/2019,UK,GB,SMB,pdf,True,False,Cyber and data insurance Policy summary Your cover in a nutshell:,https://www.hiscox.co.uk/sites/uk/files/documents/2019-03/19326-CyberClear-policy-summary.pdf,OLDER and NON-US (UK). Policy summary. | OLDER. 2019 policy summary.,uk_lloyds;us_specialty_a
hiscox-c63943ff,Hiscox,Hiscox CyberClear365 (London Market),summary,HSX228,02/2025,UK,GB,all sizes,pdf,True,True,Hiscox CyberClear365 Year-round cyber support,https://www.hiscoxlondonmarket.com/sites/londonmarket/files/2025-02/HSX228%20%E2%80%93%20CyberClear%20A5%20Brochure.pdf,"Hiscox London Market CyberClear365 brochure (February 2025). Lloyd's/London Market business, which can include US surplus lines. | Marketing brochure for the Hiscox London Market (Lloyd's) CyberClear365 product, included because no public wording was found. The target market is not stated.",uk_lloyds;us_specialty_a
hiscox-uk-d0cd30d6,Hiscox UK,Hiscox Cyber and data (pre-CyberClear),policy_wording,WD-PIP-UK-CD(3),2018-08,UK,GB,SME,pdf,True,False,Cyber and data Policy wording WD-PIP-UK-CD(3) 13388 08/18,https://www.hiscox.co.uk/sites/uk/files/documents/2017-03/13388-cyber-and-data-policy-wording.pdf,OLDER. This is the Hiscox cyber and data wording (doc ref 13388) that came before CyberClear.,uk_lloyds
hiscox-uk-93008a81,Hiscox UK,Hiscox Cyber and data (pre-CyberClear),policy_wording,,2017-04,UK,GB,SME,pdf,True,False,Cyber and data UK wording (13388),https://www.hiscox.co.uk/sites/uk/files/documents/2017-04/13388-cyber-and-data-uk-wording.pdf,"OLDER. The search result only gave a generic Hiscox page title, so this title comes from the filename (doc ref 13388). The date comes from the upload folder.",uk_lloyds
hiscox-uk-cfc3c0d7,Hiscox UK,Hiscox CyberClear (Cyber and data insurance),policy_wording,WD-PIP-UK-CCLEAR(5),2023-05,UK,GB,SME,pdf,True,True,Cyber and data insurance - Policy wording,https://www.hiscox.co.uk/sites/default/files/documents/2023-05/19029%20WD-PIP-UK-CCLEAR(5).pdf,"Latest CyberClear wording found (version 5, doc ref 19029). The edition date comes from the upload folder in the URL. Hiscox says CyberClear is for businesses with annual income up to GBP 10m.",uk_lloyds
hiscox-uk-f808653c,Hiscox UK,Hiscox CyberClear (Cyber and data insurance),policy_wording,WD-PIP-UK-CCLEAR(1),2018-09,UK,GB,SME,pdf,True,False,Cyber and data insurance Policy wording WD-PIP-UK-CCLEAR(1) 19029 09/18,https://www.hiscox.co.uk/sites/uk/files/documents/2019-03/19029-CyberClear-Policy_Wording-1.pdf,OLDER. First CyberClear edition (09/18).,uk_lloyds
hiscox-uk-bd834d74,Hiscox UK,Hiscox CyberClear (Cyber and data insurance),policy_wording,19029,2019-03,UK,GB,SME,pdf,True,False,Cyber and data insurance - Policy wording,https://www.hiscox.co.uk/sites/uk/files/documents/2019-03/19029-CyberClear-policy-wording.pdf,"OLDER. Earlier CyberClear wording (doc ref 19029), replaced by WD-PIP-UK-CCLEAR(5). The date comes from the upload folder. | Hosted by Hiscox UK (carrier site). Older (2019). Newer CyberClear wordings probably exist.",generic_sweep;uk_lloyds
hiscox-uk-a23a10c6,Hiscox UK,Hiscox CyberClear (Cyber and data insurance),summary,,2022-09,UK,GB,SME,pdf,True,False,Cyber and data insurance Policy summary,https://www.hiscox.co.uk/sites/default/files/documents/2022-09/19326_Policy-Summary-PIP-UK-CCLEAR-Cyber.pdf,OLDER. Earlier edition of the policy summary (doc ref 19326).,uk_lloyds
hiscox-uk-8345f45a,Hiscox UK,Hiscox CyberClear (Cyber and data insurance),summary,PS-PIP-UK-CCLEAR(6),2024-12,UK,GB,SME,pdf,True,True,Cyber and data insurance (Policy summary),https://www.hiscox.co.uk/sites/default/files/documents/2024-12/19326%20PS-PIP-UK-CCLEAR(6)_0.pdf,"Latest CyberClear policy summary found (version 6, doc ref 19326). The date comes from the upload folder.",uk_lloyds
hiscox-uk-3eca79fa,Hiscox UK,Hiscox CyberClear (Cyber and data insurance),application,19858,2019-04,UK,GB,SME,pdf,True,False,CyberClear proposal form 19858,https://www.hiscox.co.uk/sites/uk/files/documents/2019-04/CyberClear%20proposal%20form%2019858.pdf,"OLDER (2019). This is the CyberClear proposal form, and it may be out of date. The date comes from the upload folder.",uk_lloyds
hsb-engineering-insurance-muni-3467202c,HSB Engineering Insurance (Munich Re),"HSB Cyber Insurance (computer, data and cyber-risks)",policy_wording,HSBEI-POL-UKG-CYB-TRA,,UK,GB,SME,pdf,True,True,"HSB Cyber Insurance Computer, data and cyber-risks insurance Policy Document",https://www.munichre.com/content/dam/munichre/hsb/hsb-eil/policy-documentation/cyber/HSBEI-POL-UKG-CYB-TRA.pdf/_jcr_content/renditions/original.media_file.download_attachment.file/HSBEI-POL-UKG-CYB-TRA.pdf,Hosted by Munich Re (HSB EIL policy documentation). Aimed at SMEs.,generic_sweep
hsb-engineering-insurance-muni-f128c376,HSB Engineering Insurance (Munich Re),HSB Cyber risk solutions,summary,HSBEI-1501,,UK,GB,SME,pdf,True,True,"Cyber risk solutions - Protection for computer, data and cyber risks",https://www.munichre.com/content/dam/munichre/contentlounge/website-pieces/documents/HSBEI-1501-hsb-cyber-insurance-uk.pdf/_jcr_content/renditions/original.media_file.download_attachment.file/HSBEI-1501-hsb-cyber-insurance-uk.pdf,"Hosted by Munich Re. Product brochure or summary for small to medium-sized businesses (virus, hacking, DoS).",generic_sweep
markel-international-600b4b38,Markel International,Cyber & Data Risks,policy_wording,,,UK,GB,SME,pdf,True,True,Markel International Insurance Company Limited Cyber & Data Risks,https://www.markeluk.com/globalassets/documents/wordings/cyber.pdf,Hosted by Markel UK (carrier site). Includes PR crisis support for 90 days after discovery.,generic_sweep
rsa-insurance-fd1829f9,RSA Insurance,Cyber Protection,policy_wording,,,UK,GB,all sizes,pdf,True,True,Cyber Protection Policy wording,https://static.rsagroup.com/rsa/commercial-insurance-products/cyber/cyber-risk-policy-wording.pdf,"Hosted by RSA Group (carrier static site). Covers business interruption, data liability and network security events.",generic_sweep
rsa-insurance-4e0d08ce,RSA Insurance,Cyber Risk Insurance,policy_wording,,,UK,GB,all sizes,pdf,True,True,CYBER RISK INSURANCE Policy wording,https://static.rsagroup.com/rsa/commercial-insurance-products/cyber/cyber-risk-insurance-policy-wording.pdf,Hosted by RSA Group (carrier static site). Separate from the Cyber Protection wording.,generic_sweep
aig-30bc17ba,AIG,AIG Cyber (CyberEdge),summary,,,US,US,all sizes,pdf,True,True,AIG Cyber Cut through the crowded insurance marketplace,https://www.aig.com/content/dam/aig/america-canada/us/documents/business/highlight-sheet/aig-cyber-highlight-sheet.pdf.coredownload.pdf,Product highlight sheet.,us_majors_1
aig-67fbc84f,AIG,Cyber Liability Coverage for EAGLE (casualty program),summary,,,US,US,all sizes,pdf,True,True,Cyber Liability Coverage for EAGLE,https://www.aig.com/content/dam/aig/america-canada/us/documents/business/casualty/cyber-eagle-hs.pdf,Highlight sheet for cyber liability coverage added to AIG's EAGLE casualty program. The size of business it targets was not stated in the snippet. Verify.,us_majors_1
aig-1b4eda77,AIG,CyberEdge,summary,,,US,US,all sizes,pdf,True,True,AIG Cyber Cover Guide Cyber Coverage Channels Coverage for: CyberEdge(R),https://www.aig.com/content/dam/aig/america-canada/us/documents/business/cyber/cyber-cover-guide.pdf,"Guide to the channels for AIG cyber coverage: standalone CyberEdge, or cyber endorsed onto Financial Lines, Property and Casualty policies.",us_majors_1
aig-57d035d7,AIG,CyberEdge,summary,,,US,US,all sizes,pdf,True,True,What's Inside CyberEdge,https://www.aig.com/content/dam/aig/america-canada/us/documents/business/cyber/whats-inside-cyber.pdf,"Coverage overview of CyberEdge modules: event response, data restoration, network interruption, cyber extortion and liability.",us_majors_1
aig-bad9bbfb,AIG,CyberEdge (Security and Privacy Liability coverage section),coverage_form,101013,12/13,US,US,all sizes,pdf,True,True,"101013 (12/13) Page 1 of 10 (c) AIG, Inc. All rights reserved.",https://www.aig.com/content/dam/aig/america-canada/us/documents/business/cyber/cyberedge-wording-sample-specimen-form.pdf,"OLDER EDITION (2013). Specimen form for the CyberEdge Security and Privacy Liability Insurance coverage section, which is claims-made-and-reported third-party coverage. It is 10 pages long and is one module of the modular CyberEdge policy. | Hosted by AIG (carrier site). Older (2013).",generic_sweep;us_majors_1
aig-554e27bf,AIG,CyberEdge (small-premium accounts),summary,,,US,US,SMB,pdf,True,True,AIG Cyber Loss Control Services Tier I: CyberEdge(R) Premium of $899 or Less,https://www.aig.com/content/dam/aig/america-canada/us/documents/business/cyber/aig-cyber-loss-control-services-tier-i.pdf,Describes the loss-control and risk-management services bundled with small CyberEdge policies (premium $899 or less). This is effectively the small-business tier.,us_majors_1
aig-a749482d,AIG,CyberEdge PC,specimen_policy,,04/2014,US,US,SMB,pdf,True,True,cyberedge-pc-policy-sample.pdf,https://www.aig.com/content/dam/aig/america-canada/us/documents/business/cyber/cyberedge-pc-policy-sample.pdf,"OLDER EDITION. The search snippet describes it as a specimen draft dated 4-25-2014. CyberEdge PC is AIG's private-company/small-to-mid-market cyber form. It is the only public US CyberEdge PC specimen found, but it is likely superseded. | Hosted by AIG (carrier site). CyberEdge PC is AIG's product for smaller and private companies. Edition not shown in the snippet.",generic_sweep;us_majors_1
aig-e5853285,AIG,CyberEdge Plus,summary,,,US,US,mid-market,pdf,True,True,CyberEdge(R) Plus,https://www.aig.com/content/dam/aig/america-canada/us/documents/business/cyber/cyberedge-plus.pdf,"Covers physical-world losses (BI, property damage, bodily injury) caused by cyber events, sitting over underlying P&C policies. It is aimed at larger or mid-market clients, not SMB. Some snippets quoted policy definitions ('Triggering Event', 'Underlying Policy'), so the file may contain wording excerpts. Verify.",us_majors_1
alps-alps-property-casualty-in-59e07fbc,ALPS (ALPS Property & Casualty Insurance Co.),ALPS Cyber Response / Cyber Insurance for Lawyers,product_page,,,US,US,SMB,html,False,True,ALPS Cyber Insurance for Lawyers,https://www.alpsinsurance.com/cyber-insurance,"industry: law firms (small firms, state-bar endorsed). No public wording found. Related pages: https://alpsinsurance.com/insurance/cyber-response ; forms page https://www.alpsinsurance.com/products/pcic-forms (applications, not reachable because egress is blocked).",us_industry_programs
amtrust-financial-8e8ca413,AmTrust Financial,Network Security and Privacy Liability (Financial Institutions),summary,,,US,US,SMB,pdf,True,True,Network Security and Privacy Liability Coverage (summary),https://amtrustfinancial.com/AmtrustFinancial/media/AFSI/PDFs/Financial%20Institutions/AFSI_Financial-Institutions_Network-Security-and-Privacy-Liability-Coverage_Summary.pdf,Hosted by AmTrust (carrier site). Coverage summary for community financial institutions.,generic_sweep
amtrust-financial-be365166,AmTrust Financial,Network Security and Privacy Liability (Financial Institutions),application,MKT5250,,US,US,SMB,pdf,True,True,Network Security & Privacy Liability Application,https://amtrustfinancial.com/getmedia/c7231a1e-54e9-4728-a51b-c6fdcb4b1fd1/AFSI_Financial-Institutions_Network_Security_and_Privacy_Liability_Application_MKT5250.pdf,"Hosted by AmTrust (carrier site). Claims-made, no duty to defend.",generic_sweep
at-bay-65eb7e9b,At-Bay,At-Bay Cyber Insurance Policy,policy_wording,AB-CYB-001.2,08/2023,US,US,SMB,pdf,True,True,AB-CYB-001.2 08/2023 Cyber Insurance Policy,https://www.at-bay.com/wp-content/uploads/2023/06/Cyber-Insurance-Policy-Form.pdf,Hosted by At-Bay (carrier site). 36 pages.,generic_sweep
at-bay-mga-c3064e25,At-Bay (MGA),At-Bay Cyber Insurance Policy,specimen_policy,AB-CYB-POL-COV 05/2022,2022-05,US,US,SMB,pdf,True,False,Cyber Insurance Policy Cyber AB-CYB-POL-COV 05/2022,https://prowritersins.com/wp-content/uploads/2020/08/At-Bay-Specimen-Form-1.pdf,"Hosted by ProWriters (wholesale). Form AB-CYB-POL-COV, 05/2022 edition. OLDER (before 2023). At-Bay is an SMB cyber MGA; the insurtech segment may duplicate it. | Hosted by broker ProWriters. Older edition, superseded by AB-CYB-001.2 08/2023.",generic_sweep;us_mga_wholesale
atm-insurance-hsb-products-127a41e7,ATM Insurance (HSB products),HSB Data Compromise / CyberOne / Cyber Suite (commercial data security),summary,,,US,US,SMB,pdf,True,False,COMMERCIAL DATA SECURITY HSB Data Security Products for Commercial Lines,https://www.atminsurance.com/Portals/47/wp-content/uploads/MarketingTraining/Cyber-Liability-Coverage-Overview.pdf,"HSB marketing and training overview of its commercial-lines data security endorsements (Data Compromise response expenses and liability, among others). Edition unknown and probably older.",us_standard_forms
axa-xl-63960037,AXA XL,CyberRiskConnect,policy_wording,TRD 050 0619,06/2019,US,US,SMB,pdf,True,False,"CyberRiskConnect Privacy, Security and Technology Insurance",https://axaxl.com/-/media/axaxl/files/pdfs/insurance/cyber-north-america/cyberriskconnectpolicyform_axaxl_trd-050-0619.pdf,Hosted by AXA XL (carrier site). The same PDF also appeared with a ?sc_lang=en&hash=... query string. Older (2019).,generic_sweep
axis-insurance-d5204c16,AXIS Insurance,AXIS Cyber Insurance Policy,specimen_policy,AXIS 1012561 0120,01/2020,US,US,all sizes,pdf,True,False,AXIS CYBER INSURANCE POLICY AXIS 1012561 0120,https://www.axiscapital.com/docs/default-source/resources/axis-1012561-0120-(specimen).pdf,"Hosted by AXIS Capital (carrier site). 22 pages. Covers incident response, BI, extra expense, data recovery, hardware replacement, extortion and crime. Older (2020).",generic_sweep
beazley-4f66070f,Beazley,Beazley Breach Response (BBR),policy_wording,F00403,04/2014,US,US,SME,pdf,True,False,F00403 042014 ed. Page 1 of 31 BEAZLEY BREACH RESPONSE,https://eperils.com/wp-content/uploads/2016/09/f00043-042014.pdf,OLDER. US BBR policy form hosted by the broker eperils.com. The title says F00403 but the filename says f00043.,us_specialty_a
beazley-05e2ae07,Beazley,Beazley Breach Response (BBR),policy_wording,F00104,08/2012,US,US,SME,pdf,True,False,F00104 Page 1 of 31 082012 ed. BEAZLEY BREACH RESPONSE,https://eperils.com/wp-content/uploads/2016/09/f00104-0812.pdf,OLDER. US BBR policy form hosted by the broker eperils.com.,us_specialty_a
beazley-c52f3a71,Beazley,Beazley Breach Response (BBR),policy_wording,F00105,07/2009,US,US,SME,pdf,True,False,F00105 1 72009 ed. BEAZLEY BREACH RESPONSE,https://www.bsrins.com/Forms/cyber/C100.pdf,OLDER (2009). Early US BBR form hosted by the broker bsrins.com.,us_specialty_a
beazley-275fe306,Beazley,Beazley Breach Response (BBR),policy_wording,,,US,US,SME,pdf,True,False,BEAZLEY BREACH RESPONSE,https://www.iiaiowa.org/Products/Pages/liability/Beazley/BBR-2.pdf,"Probably OLDER. BBR form hosted by the Independent Insurance Agents of Iowa association program. Edition unknown. | Hosted by the Independent Insurance Agents of Iowa. The title suggests a BBR policy form or product document, but the document type is unconfirmed. Probably OLDER (pre-BBR 5.0).",us_mga_wholesale;us_specialty_a
beazley-50113e8f,Beazley,Beazley Breach Response (BBR),summary,,,US,US,SME,pdf,True,False,Beazley Breach Response Beautifully designed cyber protection,https://www.beazley.com/globalassets/cyber/documents/brochures/beazley-bbr-brochure-factsheet-us.pdf,US BBR brochure/factsheet. The same file also appears at the older path https://www.beazley.com/documents/TMB/Factsheets/beazley-bbr-brochure-factsheet-us.pdf,us_specialty_a
beazley-1a6f4ab5,Beazley,Beazley Breach Response (BBR),summary,,,US,US,SME,pdf,True,False,"Coverage (BBR coverage factsheet, US)",https://www.beazley.com/globalassets/cyber/documents/brochures/beazley-bbr-coverage-factsheet-us.pdf,US BBR coverage factsheet. Edition unknown; probably from before BBR 5.0. | US coverage factsheet. Breach response services for up to 5 million affected individuals.,us_mga_wholesale;us_specialty_a
beazley-3333fa26,Beazley,Beazley Breach Response (BBR),summary,,01/2017,US,US,SME,pdf,True,False,Beazley Group | Beazley Breach Response BBR Information Pack Your Services,https://www.njsig.org/downloads/flyers/BBR%20Info%20Pack%20(US)_0117.pdf,"OLDER (2017). BBR services information pack for policyholders, hosted by NJSIG.",us_specialty_a
beazley-79a4e461,Beazley,Beazley Breach Response (BBR),application,F00659,11/2017,US,US,SMB,pdf,True,False,F00659 112017 ed. Page 1 of 5 BEAZLEY BREACH RESPONSE SHORT FORM APPLICATION,https://static.fmgsuite.com/media/documents/d7810a82-68ba-4b6e-8037-b0118b24c0b8.pdf,"OLDER. BBR short-form application for smaller accounts, hosted on an agent website (FMG Suite).",us_specialty_a
beazley-3e67cd15,Beazley,Beazley Breach Response (BBR),application,F00657,11/2017,US,US,SME,pdf,True,False,BEAZLEY BREACH RESPONSE APPLICATION,https://www.beazley.com/globalassets/product-documents/application/beazley-bbr-fullform-application.pdf,"OLDER. Full-form BBR application from Beazley Insurance Company, Inc. The form number and edition come from the title of a mirror copy: https://investor.relations.beazley.com/globalassets/product-documents/application/beazley-bbr-fullform-application.pdf | Full-form BBR application on beazley.com. Edition not shown.",us_mga_wholesale;us_specialty_a
beazley-fbd405a3,Beazley,Beazley Breach Response (BBR),application,,,US,US,SMB,pdf,True,True,"BEAZLEY BREACH RESPONSE INSURANCE ... (new business application, revenues below $35M)",https://www.beazley.com/globalassets/product-documents/application/beazley_breach_response_new_business_application_revenues_below_35ml_0.pdf,Small business BBR application for revenue under $35M (the myBeazley small business band). Edition unknown.,us_specialty_a
beazley-e04a8542,Beazley,Beazley Breach Response (BBR),application,F00344,01/2013,US,US,SMB,pdf,True,False,F00344 Page 1 of 5 012013 ed. BEAZLEY BREACH RESPONSE,https://www.moagent.org/Products/SiteAssets/Pages/ForYourAgency/Cyber/default/CyberSecureFullApp.pdf,OLDER. BBR full application used by the Missouri agents association 'CyberSecure' program.,us_specialty_a
beazley-de9e3659,Beazley,Beazley Breach Response (BBR) - Business Interruption,summary,,,US,US,SME,html,False,True,Business Interruption Policy Wording | beazley,https://www.beazley.com/en-US/cyber-customer-centre/cyber-risk-management-tools/cyber-business-interruption/policy-wording/,"Beazley web page explaining the BBR business interruption and dependent business interruption wording (period of restoration, extra expense).",us_specialty_a
beazley-dd6f8a92,Beazley,Beazley Breach Response (BBR) - Data Recovery,summary,,,US,US,SME,html,False,True,Data Recovery Policy Wording | beazley,https://www.beazley.com/en-US/cyber-customer-centre/cyber-risk-management-tools/data-recovery-guide/policy-wording/,Beazley web page explaining the BBR data recovery wording.,us_specialty_a
beazley-63f5c8eb,Beazley,Beazley Breach Response (BBR) / Full Spectrum Cyber,product_page,,,US,US,SME,html,False,True,Full Spectrum Cyber - BBR policy | beazley,https://www.beazley.com/en-US/fullspectrumcyber/full-spectrum-cyber-bbr-policy/,"Beazley US page for the BBR wording under Full Spectrum Cyber (four pillars: Breach Response, First Party, Third Party, eCrime). Included because Beazley itself hosts no US BBR 5.0 specimen that the searches found. | US product page for the BBR policy. Included because no direct US specimen policy PDF was found.",us_mga_wholesale;us_specialty_a
beazley-60bcd087,Beazley,Beazley Breach Response (BBR) 5.0 / Full Spectrum Cyber,specimen_policy,F00653,02/2025,US,US,SME,pdf,True,True,Beazley Breach Response 5.0,https://portal.bigimd.com/files/Membership%20Benefits/Cyber%20Liability%20Insurance/Beazley_SpecimenPolicyForm.pdf,"Specimen policy form hosted by a membership association (BIG IMD), not by Beazley. A search snippet gave the form number and edition as F00653 02/2025, but it was unclear whether it referred to this file; not checked against the document itself. BBR 5.0 is the current US wording (new BBR version for new and renewal accounts incepting 1 July 2025, surplus and admitted paper, subject to state approval). US small business version is sold via myBeazley for revenue under $35M and limits up to $5M.",us_specialty_a
beazley-9fa33822,Beazley,Beazley Breach Response (BBR) 5.0 / Full Spectrum Cyber,summary,,2025,US,US,SME,pdf,True,True,BBR 5.0 enhancements and clarifications,https://www.beazley.com/globalassets/full-spectrum-cyber/bbr-5.0-enhancements-and-clarifications.pdf,"Beazley summary of changes in BBR 5.0: wording streamlined, language clarified, common endorsements built into the form. Applies to accounts incepting on or after 1 July 2025. | Summary of changes in the BBR 5.0 wording. In the US, Full Spectrum Cyber is written admitted by Beazley Insurance Company and on a surplus lines basis by Beazley Excess and Surplus or Beazley-managed Lloyd's syndicates. No direct US BBR 5.0 policy PDF was found. The beazley.com BBR policy PDF that turned up is the Beazley Insurance DAC (EU) form and is excluded here.",us_mga_wholesale;us_specialty_a
beazley-91b6bac5,Beazley,Beazley breach response endorsement (package/BPS),summary,,,US,US,SMB,pdf,True,False,"Breach response endorsement solutions - Breach Response services, including:",https://www.beazley.com/globalassets/product-documents/brochure/bps_cyber_final_0.pdf,"Brochure for Beazley's breach response endorsement solutions, which add cyber/breach response cover to other policies (likely for carrier or program partners). Edition unknown.",us_specialty_a
beazley-5f850e8e,Beazley,Beazley cyber war / catastrophic cyber exclusion,summary,,,US,US,all sizes,pdf,True,True,Addressing catastrophic cyber risk,https://prod.dxp.beazley.com/globalassets/documents/beazley-addressing-catastrophic-cyber-risk.pdf,Beazley explainer on its catastrophic cyber / cyber war exclusion approach.,us_specialty_a
beazley-30d61a01,Beazley,Beazley cyber war / catastrophic cyber exclusion,summary,,,US,US,all sizes,pdf,True,True,External FAQs,https://www.beazley.com/globalassets/documents/external-faq-for-catastrophic-discussion-updated.pdf,"Beazley FAQ on its war and cyber war exclusion, which replaces the war and civil war exclusion. Covers the cyber war definition, major detrimental impact on essential services, and the carve-back for insureds outside the impacted state. The exclusion wording itself was not found as a separate document.",us_specialty_a
beazley-91499353,Beazley,Beazley InfoSec,policy_wording,,,US,US,mid-market,pdf,True,False,Beazley InfoSec TABLE OF CONTENTS INSURING AGREEMENTS 1,https://www.beazley.com/globalassets/product-documents/policy-form/beazley-tmb-infosec-policy.pdf,"InfoSec wording (TMB = Technology, Media and Business Services). Beazley positions InfoSec for large businesses, not SMB. Also at https://www.beazley.com/documents/TMB/Policies/beazley-tmb-infosec-policy.pdf. Edition unknown.",us_specialty_a
beazley-acdf2357,Beazley,Beazley InfoSec,summary,,,US,US,mid-market,pdf,True,False,Beazley InfoSec Beautifully designed cyber protection for a dangerous world.,https://www.beazley.com/globalassets/cyber/documents/brochures/infosec-brochure-wallet.pdf,InfoSec brochure. A reference guide also appeared at the URL 'https://www.beazley.com/Documents/Private Enterprise/InfoSec Reference Guide.pdf' (spaces as shown in the search result).,us_specialty_a
beazley-4cef7745,Beazley,Beazley InfoSec,application,,,US,US,mid-market,pdf,True,False,Page 1 of 8 Beazley InfoSec Application,https://www.beazley.com/globalassets/product-documents/application/beazley-tmb-infosec-application.pdf,InfoSec application for the large business segment.,us_specialty_a
beazley-c8345a5e,Beazley,Full Spectrum Cyber for small businesses (BBR via myBeazley),product_page,,,US,US,SMB,html,False,True,Full Spectrum Cyber for small businesses | beazley,https://www.beazley.com/en-US/products/small-business-solutions-usa/cyber-breach-solutions-small-businesses/,Beazley US small business cyber channel. The underlying wording is BBR (see the BBR 5.0 specimen). A related coverage page: https://www.beazley.com/en-us/products/small-business-solutions-usa/cyber-breach-solutions-small-businesses/cyber-coverages/,us_specialty_a
berkshire-hathaway-guard-ced1cf32,Berkshire Hathaway GUARD,Businessowner's Coverage Form,coverage_form,BP (GUARD) 2010-06,2010-06,US,US,SMB,pdf,True,False,BUSINESSOWNER'S COVERAGE FORM INDEX,https://gigezrate.guard.com/scripts/ASCPolicyPDFs/Policy/POLICY_BP-2010-06.PDF,"OLDER (2010). GUARD BOP coverage form with index, found in a data compromise search. Its cyber content is probably limited to electronic data and computer provisions in the base BOP form.",embedded_endorsements
california-mutual-insurance-ca-2fe3adf6,California Mutual Insurance (Cal Mutual) - HSB Cyber Suite,HSB Cyber Suite 2.0,summary,,2025-10,US,US,SMB,pdf,True,True,"Cyber Suite In a world of evolving cyber risks, small... (Cyber Suite 2.0 Brochure)",https://calmutual.com/wp-content/uploads/2025/10/Cyber-Suite-2.0-Brochure.pdf,"Brochure for 'Cyber Suite 2.0', which points to a new HSB Cyber Suite generation (2025). No public 2.0 coverage form was found.",us_standard_forms
cfc-underwriting-3d73e836,CFC Underwriting,Cyber (US) interactive policy wording,policy_wording,,2025-04,US,US,all sizes,html,False,True,Interactive cyber policy wording - CFC Underwriting,https://www.cfc.com/en-us/knowledge/resources/articles/2025/04/interactive-cyber-policy-wording/,"Clause-by-clause interactive version of CFC's current cyber wording, with commentary and examples (April 2025). This is an HTML page, not a PDF. No direct PDF of the current US wording was found. | CFC's own page presenting the Cyber Proactive Response wording clause by clause with commentary (30 enhancements, 6 exclusions removed). Recorded because no direct PDF URL appeared.",generic_sweep;us_mga_wholesale
cfc-underwriting-d033b56a,CFC Underwriting,Cyber Private Enterprise (US),policy_wording,,,US,US,SMB,pdf,True,False,Cyber Private enterprise Policy document United States,https://cdn.prowritersins.com/wp-content/uploads/2020/07/CFC-Policy-Cyber-Private-Enterprise-US-v3.0.pdf,"Version 3.0 per filename, hosted by ProWriters (wholesale cyber broker), upload path 2020/07. OLDER edition. CFC has issued later wordings (see the 2025 interactive wording entry).",us_mga_wholesale
cfc-underwriting-e894e13d,CFC Underwriting,Cyber Private Enterprise (US),specimen_policy,,,US,US,SMB,pdf,True,False,Cyber Private enterprise Policy document United States,https://prowritersins.com/wp-content/uploads/2020/08/CFC-Specimen-Form-1.pdf,"Hosted by ProWriters, upload path 2020/08. May have the same content as the v3.0 file above but sits at a different URL. OLDER. | OFF-SEGMENT (a proprietary Lloyd's/MGA form, not a bureau form). Recorded because it turned up in these searches. OLDER copy uploaded in 2020. | Hosted by broker ProWriters (2020 upload folder). Older. CFC has since moved to its Cyber Proactive Response wording (see the CFC interactive wording page).",generic_sweep;us_mga_wholesale;us_standard_forms
chubb-0979db0f,Chubb,Businessowners Policy (small commercial BOP),declarations,,,US,US,SMB,pdf,True,True,Businessowners Policy Declarations,https://studio.chubb.com/connect/files/NA_BOP_Sample.pdf,"Sample BOP declarations from Chubb, found by a search for 'data compromise' BOP endorsements. It probably schedules optional cyber, data compromise or electronic data coverages on the BOP. Not verified.",embedded_endorsements
chubb-1d34bf41,Chubb,"Chubb BOP (optional coverages, which may include data breach/cyber)",summary,,2018,US,US,SMB,pdf,True,True,FPO Chubb BOP Chubb's business owner's policy,https://www.chubb.com/content/dam/chubb-sites/chubb-com/us-en/business-insurance/2018-0829-chubb-bop-optional-coverages/documents/pdf/14011203-chubb-bop.pdf,"OLDER EDITION (2018). Brochure of optional BOP coverages. Search summaries mentioned privacy/data breach, computer fraud and social engineering endorsements for the Chubb BOP, but it is unverified whether this file lists them. No BOP cyber endorsement form was found.",us_majors_1
chubb-46b8103f,Chubb,Chubb Cyber (digital small commercial),summary,,,US,US,SMB,pdf,True,True,Chubb Cyber Digital Appetite Guide Cyber Value Proposition,https://www.chubb.com/content/dam/chubb-sites/chubb-com/us-en/business-insurance/products/cyber/documents/chubb_cyber_appetiteguide.pdf,"Appetite guide for agents on Chubb's digital small-business cyber platform, with a stated 20.5% commission. Includes eligibility and value proposition.",us_majors_1
chubb-38a5a2b7,Chubb,Chubb Cyber and Privacy Insurance (title agents program),application,,,US,US,SMB,pdf,True,True,cyber-privacy-insurance-new-business-application-short-form.pdf,https://www.chubb.com/content/dam/chubb-sites/chubb-com/microsites/titleagents/global/documents/pdf/cyber-privacy-insurance-new-business-application-short-form.pdf,Short-form new business application from Chubb's title-agents microsite (small professional firms). | industry: real estate / title agents. Short-form application hosted on Chubb's title-agent program microsite. | Hosted by Chubb's title-agents microsite. Short-form application for small title agencies.,generic_sweep;us_industry_programs;us_majors_1
chubb-02b16554,Chubb,"Chubb Cyber Enterprise Risk Management (Cyber ERM), small business via Chubb Studio Connect (NA)",specimen_policy,PF-48169,02/19,US,US,SMB,pdf,True,True,CHUBB CYBER ENTERPRISE RISK MANAGEMENT POLICY PF-48169 (02/19) Page 1 of 25,https://studio.chubb.com/connect/files/NA_CyberSmallBusiness_Sample.pdf,"OLDER EDITION (2019), but the latest US Cyber ERM specimen found. This 25-page sample is served from Chubb Studio Connect's 'Cyber Insurance for Small Business' product (https://studio.chubb.com/connect/products/na/cybersmallbusiness). Insuring agreements include Cyber Incident Response Fund, Business Interruption, Cyber Extortion and liability. An identical PF-48169 (02/19) copy is mirrored at https://lmalloyds.com/wp-content/uploads/2025/09/Chubb-Cyber-ERM-Policy-US-1.pdf (Lloyd's Market Association upload, Sept 2025).",us_majors_1
chubb-26169fbb,Chubb,Chubb Cyber ERM,summary,,12/17,US,US,all sizes,pdf,True,True,Cyber Enterprise Risk Management,https://www.chubb.com/content/dam/chubb-sites/chubb-com/us-en/business-insurance/cyber-enterprise-risk-management-cyber-erm/documents/pdf/17010185-cyber-erm-12.17.pdf,"OLDER EDITION. US Cyber ERM product brochure (form 17010185, 12.17).",us_majors_1
chubb-3f1a6f44,Chubb,"Chubb Cyber ERM, small business",summary,,12/16,US,US,SMB,pdf,True,False,Cyber Enterprise Risk Management A distinctive level of cyber protection,https://www.chubb.com/us/asset/smallbusiness/17010185-Cyber-ERM-12.16.pdf,"OLDER EDITION (12.16), hosted in Chubb's small-business asset folder. Superseded by the 12.17 brochure.",us_majors_1
chubb-3d8f2a8c,Chubb,"Chubb Cyber ERM, small business",application,PF-48163,10/16,US,US,SMB,pdf,True,True,PF-48163 (10/16) ACE American Insurance Company - Cyber ERM New Business Application (Small Business),https://www.chubb.com/us/asset/smallbusiness/cyber-erm--new-business-application-small-business-pf-48163.pdf,OLDER EDITION (2016). The issuing company is ACE American Insurance Company.,us_majors_1
chubb-21788e81,Chubb,DigiTech Enterprise Risk Management (DigiTech ERM),summary,,12/17,US,US,all sizes,pdf,True,True,DigiTech Enterprise Risk Management,https://www.chubb.com/content/dam/chubb-sites/chubb-com/us-en/business-insurance/digitech-enterprise-risk-management-digitech-erm/documents/pdf/17010186-digitech-erm-12.17.pdf,"OLDER EDITION. Product brochure (17010186, 12.17), also at https://www.chubb.com/us-en/_assets/doc/17010186-digitech-erm-12.17.pdf. Covers tech E&O, media and cyber in one policy.",us_majors_1
chubb-752e3989,Chubb,"DigiTech Enterprise Risk Management (DigiTech ERM), small business",application,PF-48204,10/16,US,US,SMB,pdf,True,True,PF-48204 (10/16) ACE American Insurance Company - DigiTech ERM New Business Application (Small Business),https://www2.chubb.com/us-en/_assets/doc/digitech-erm--new-business-application-small-business-pf-48204.pdf,"OLDER EDITION (2016). This is the small-business application for DigiTech ERM, which combines tech E&O, media and cyber cover.",us_majors_1
chubb-eca2d47f,Chubb,ForeFront Portfolio 3.0 (private company management liability package with a Cyber Security coverage part),summary,14-01-1069,2016-05,US,US,SMB,pdf,True,False,ForeFront Portfolio 3.0 SM Nine insurance coverages for private companies.,https://www.chubb.com/content/dam/chubb-sites/chubb-com/us-en/business-insurance/forefront-portfolio-3-0-cybersecurity-insurance/documents/pdf/14-01-1069-forefront-portfolio-3.0---electronic-05.16.pdf,"Chubb brochure, filed under the cybersecurity section of chubb.com. It describes nine coverage parts, including Cyber Security, that work standalone or together. OLDER (05/16).",embedded_endorsements
chubb-057abed8,Chubb,ForeFront Portfolio 3.0 - Private Companies,product_page,,,US,US,SMB,html,False,True,Small Business ForeFront Portfolio 3.0 | Private Companies | Chubb,https://www.chubb.com/us-en/business-insurance/forefront-3-0-private-company.html,Small business management liability package with a Cyber Security coverage part. The US Cyber coverage section wording was not found publicly.,embedded_endorsements
chubb-c1c51799,Chubb,ForeFront Portfolio 3.0 application,application,,2016-06,US,US,SMB,pdf,True,False,ForeFront Portfolio 3.0,https://www.gbainsurance.com/sites/default/files/2016-06/Chubb%20D&O%20Application.pdf,"OLDER (uploaded 2016-06, agency-hosted). ForeFront Portfolio 3.0 package application. The D&O focus is suggested by the filename; whether it has a cyber section is unverified.",embedded_endorsements
chubb-ad73832e,Chubb,The ForeFront Portfolio - Policy Guidebook,summary,,,US,US,SMB,pdf,True,False,The ForeFront Portfolio - Policy Guidebook,https://www.chubb.com/content/dam/chubb-sites/chubb-com/us-en/the_forefront_portfolio_policy_guide.pdf,"Guide to the ForeFront Portfolio coverage parts. It probably covers an earlier generation than 3.0, so treat it as OLDER.",embedded_endorsements
chubb-westchester-6dc45c62,Chubb (Westchester),Westchester Cyber Enterprise Risk Management,summary,,,US,US,all sizes,pdf,True,True,Westchester has handled cyber incidents and underwritten ...,https://www.westchester.com/content/dam/chubb-sites/westchester/us-en/documents/Westchester_CyberEnterpriseRiskManagement.pdf,Cyber ERM brochure for the wholesale channel.,us_majors_1
chubb-westchester-77cc5a3e,Chubb (Westchester),"Westchester DigiTech ERM, small business",summary,,,US,US,SMB,pdf,True,True,Westchester(R) DIGITECH(R) ENTERPRISE RISK MANAGEMENT,https://www.westchester.com/content/dam/chubb-sites/westchester/us-en/documents/westchester_digitechenterpriseriskmanagementsmall.pdf,Brochure for DigiTech ERM sold through Westchester (Chubb E&S / wholesale). 'small' appears in the filename.,us_majors_1
coalition-9c319169,Coalition,Coalition Active Cyber Policy (surplus lines),policy_wording,,2025/2026,US,US,SMB,pdf,True,True,Active protection from digital risk (MWV Homeless Alliance Cyber Policy),https://mwvhomelessalliance.org/wp-content/uploads/2026/02/8._Cyber-Policy.pdf,"An issued Coalition cyber policy that a small nonprofit posted in February 2026, so it is a good real-world SMB example of the current wording. It is not a blank specimen. Its title matches Active Cyber Policy branding.",insurtech_1
coalition-005f36d6,Coalition,Coalition Active Cyber Policy (surplus lines),policy_wording,,2025,US,US,all sizes,pdf,True,True,Active protection from digital risk (ACWA JPIA 25-26 Cyber Liability Coalition policy),https://www.acwajpia.com/wp-content/uploads/25-26-Cyber-Liability-Coalition-policy.pdf,"An issued policy that the insured, a California public-entity JPIA, posted publicly for the 2025-26 term. It is not a blank specimen. The snippet shows declarations and full wording (breach response, crisis management, cyber extortion, business interruption, digital asset restoration, funds transfer fraud). Its title matches Active Cyber Policy branding. Coalition keeps its own specimen behind the broker/policyholder dashboard. | Hosted by ACWA JPIA (Association of California Water Agencies Joint Powers Insurance Authority), a public-entity pool. 2025-26 Coalition cyber liability policy issued to the pool; many of its members are small water agencies.",generic_sweep;insurtech_1
coalition-ed540783,Coalition,Coalition Active Cyber Policy (surplus lines),product_page,,2025-04-15,US,US,all sizes,html,False,True,Active Cyber Policy FAQ - North American Servicing - Coalition,https://help.coalitioninc.com/hc/en-us/articles/33998071846811-Active-Cyber-Policy-FAQ,"Official FAQ. All new surplus lines business and renewal quotes generated on or after 2025-04-15 are issued on the Active Cyber Policy form. It moves 11 former endorsements into the base policy as insuring agreements, covers insureds with up to $5B revenue and offers up to $15M limits. No public specimen PDF was found.",insurtech_1
coalition-0207c24b,Coalition,Coalition Active Cyber Policy (surplus lines),product_page,,2025,US,US,all sizes,html,False,True,Active Cyber Policy Campaign,https://www.coalitioninc.com/campaign/active-cyber-policy,"The product page for the Active Cyber Policy (affirmative coverage for AI and deepfake funds transfer fraud, fewer exclusions).",insurtech_1
coalition-38274c36,Coalition,Coalition Active Insurance,summary,,,US,US,all sizes,pdf,True,True,Active Insurance (Coalition),https://assets.ctfassets.net/o2pgk9gufvga/24jyf1ckibQQjlkBMT5VIS/a8e264533c59fb9b7f6ee0816677f73c/Coalition_Active-Insurance.pdf,A brochure summarizing the Active Insurance model and its coverage.,insurtech_1
coalition-d1eb4632,Coalition,Coalition Active Insurance - SMB (hybrid),summary,,,US,US,SMB,pdf,True,True,Coalition Active Insurance SMB (hybrid) overview,https://assets.ctfassets.net/sltdbgvhcbhs/4o12sNNrqp0L966uZS4HHL/ad5060bf39b0d91af7a304d4692fe576/Coalition_Active-Insurance-SMB-hybrid_PDF__1___1_.pdf,A product and coverage summary for small businesses.,insurtech_1
coalition-1a22c061,Coalition,Coalition Active Insurance - SMB policyholder overview,summary,,,US,US,SMB,pdf,True,True,Coalition Active Insurance (SMB Policyholder Overview),https://assets.ctfassets.net/sltdbgvhcbhs/76bdHiUeTxcSdFWLdQu9JT/417da896768fa2f8dde47380d7150c24/Coalition_SMB-Policyholder-Overview.pdf,"A plain-language overview of the cyber policy and services, written for SMB policyholders.",insurtech_1
coalition-042e271c,Coalition,Coalition Control,product_page,,,US,US,SMB,html,False,True,Coalition Control - Overview - North American Servicing,https://help.coalitioninc.com/hc/en-us/articles/7687332367259-Coalition-Control-Overview,Coalition Control is the security and risk-management platform that comes with the policy. It is not a separate policy form.,insurtech_1
coalition-5ede66ea,Coalition,Coalition Coverages 2.0 (affinity portal),summary,,,US,US,SMB,pdf,True,False,Coalition Coverages 2.0 (Affinity Portal),https://assets.ctfassets.net/sltdbgvhcbhs/Ynd1ElvGLjPmtFb2cIVvN/b9d53403eea48d228d5b9464c6ac92ba/Coalition_Coverages2.0_Affinity_Portal__3_.pdf,"A summary of the 'Coverages 2.0' generation of the Coalition cyber policy, distributed through the affinity/direct portal (coalitiondirect@coalitioninc.com). Probably older than the 2025 Active Cyber Policy.",insurtech_1
coalition-987f0d22,Coalition,Coalition Cyber (surplus lines) - quotation,declarations,,2019,US,US,SMB,pdf,True,False,"Coalition Cyber Quotation Surplus Lines SPECIMEN (Coalition Insurance Solutions, Inc.)",https://apcybersolutions.com/wp-content/uploads/2019/02/Coalition-Cyber-Quotation-Surplus-Lines-SPECIMEN.pdf,"OLDER (2019). A broker posted this specimen quotation showing the coverage schedule, limits and retentions for Coalition's surplus lines cyber product. It is a quote, not the policy wording.",insurtech_1
coalition-310d81bb,Coalition,Coalition Cyber (US specimen),specimen_policy,,,US,US,SMB,html,False,False,Coalition Specimen Form (1) - ProWriters,https://prowritersins.com/cyber-insurance-blog/sample-cyber-insurance-policy/attachment/coalition-specimen-form-1-63e2ce5cd9bcf-63e2ce65c6ed1-63e2ce67184f6/,"WordPress attachment page on broker ProWriters' site that links to the Coalition specimen PDF. The PDF URL itself did not appear in results. Probably around 2023 (upload IDs date from early 2023), so treat as older.",generic_sweep
coalition-426265b5,Coalition,Coalition Cyber (US) - coverage comparison,summary,,,US,US,all sizes,pdf,True,True,Coalition's Coverage Advantage Checklist (US),https://assets.ctfassets.net/o2pgk9gufvga/6GDAqNBNDON9cmkVdLCzd5/363be97c2125f8b89a7ca2a0515fd786/Coalition_Coverage-Advantage-Checklist-US.pdf,Coalition's own checklist comparing its policy coverages. Hosted on Contentful (ctfassets).,insurtech_1
coalition-fde97db7,Coalition,Coalition Cyber - application,application,,,US,US,SMB,html,False,True,"Our ""Application"" - What information do I need to quote a policy with Coalition?",https://help.coalitioninc.com/hc/en-us/articles/7665931229851-Our-Application-What-information-do-I-need-to-quote-a-policy-with-Coalition,Describes the data points Coalition needs to quote. There is no standalone public application PDF from Coalition.,insurtech_1
coalition-6be6dcd5,Coalition,Coalition Cyber - Breach Response Separate Limits Endorsement,product_page,,,US,US,all sizes,html,False,False,"What is Breach Response ""outside the limits"" (Breach Response Separate Limits Endorsement)?",https://help.coalitioninc.com/hc/en-us/articles/7665647884443-What-is-Breach-Response-outside-the-limits-Breach-Response-Separate-Limits-Endorsement,A help article explaining a key cyber endorsement. The endorsement text itself is not public.,insurtech_1
coalition-3f231f9c,Coalition,Coalition Cyber - coverages,product_page,,,US,US,all sizes,html,False,True,Broad Cyber Coverage Designed for Digital Risk,https://www.coalitioninc.com/coverages,The official page listing Coalition's cyber insuring agreements.,insurtech_1
coalition-c1aee1f1,Coalition,Coalition Cyber - policy language access,product_page,,,US,US,all sizes,html,False,True,Where can I find Coalition's policy language?,https://help.coalitioninc.com/hc/en-us/articles/7665649922715-Where-can-I-find-Coalition-s-policy-language,"Says the specimen policy and endorsement language are available in the Coalition broker/policyholder dashboard, not publicly.",insurtech_1
coalition-0c71b527,Coalition,Coalition Cyber Insurance - coverage overview,summary,,2023,US,US,all sizes,pdf,True,False,"Superior, Innovative Cyber Insurance Coverage (Coalition Coverage Overview 2023)",https://assets.ctfassets.net/o2pgk9gufvga/40yMGv6dmSoAHZpsbwnftE/2d34ee839f13215f31016fca6b38efcf/Coalition_Coverage_Overview_2023.pdf,A 2023 overview of first-party and third-party cyber coverages. It predates the April 2025 Active Cyber Policy.,insurtech_1
coalition-009d20be,Coalition,Coalition Cyber Policy Application,application,,,US,US,SMB,html,False,False,Coalition Cyber Policy Application - Blank Fillable Template (pdfFiller),https://www.pdffiller.com/801465471--Coalition-Cyber-Policy-Application-,Hosted by a third party (pdfFiller). The edition is unknown and the page may be stale.,insurtech_1
coalition-e90498ed,Coalition,Coalition Simple Cyber,application,,,US,US,SMB,pdf,True,True,"Coalition Insurance Solutions, Inc. - Simple Cyber Application",https://siegelagency.com/docs/Coalition-Simple-Cyber-App.pdf,Hosted by independent agency Siegel Agency. Short-form SMB application.,generic_sweep
coalition-via-victor-insurance-729f1566,Coalition (via Victor Insurance),Coalition Cyber Insurance - US buyer's guide,summary,,,US,US,SMB,pdf,True,True,US Coalition Cyber Insurance Buyer's Guide (Victor Insurance),https://www.victorinsurance.com/content/dam/victor/victor2/documents/victor-us/cyber/risk-advisory/US-coalition-cyber-insurance-buyers-guide.pdf,"A buyer's guide from a distributor/program partner that explains the Coalition cyber coverages. | Hosted by Victor Insurance (MGA/program administrator). Buyer's guide or coverage summary, not a wording.",generic_sweep;insurtech_1
colorado-intergovernmental-ris-d8317e5d,Colorado Intergovernmental Risk Sharing Agency (CIRSA),Property-Casualty Certificate of Participation (first-party cyber and third-party cyber liability),declarations,,2026,US,US,all sizes,pdf,True,True,COLORADO INTERGOVERNMENTAL RISK SHARING AGENCY (CIRSA) 2026 Property-Casualty Certificate of Participation,https://www.cogs.us/DocumentCenter/View/10585/2026-Property-Casualty-Certificate-of-Participation,"industry: public entities (Colorado municipalities, pool). A member's 2026 certificate of participation, posted by the member city (cogs.us). It lists first-party cyber under property and third-party cyber liability under liability. The full CIRSA coverage document was not found.",us_industry_programs
corvus-travelers-fc6b6a3b,Corvus (Travelers),Smart Tech E&O (tech E&O plus cyber),product_page,,,US,US,SMB,html,False,True,Smart Tech E&O® Insurance Coverage | Corvus by Travelers,https://www.corvusinsurance.com/smart-tech-e-o-and-excess,Corvus (owned by Travelers) combined tech E&O and cyber product. Product page only.,embedded_endorsements
corvus-insurance-travelers-7125a421,Corvus Insurance (Travelers),Smart Cyber Insurance,policy_wording,,,US,US,SMB,pdf,True,True,Corvus Policy for Smart Cyber Insurance,https://www.corvusinsurance.com/hubfs/Corvus%20Smart%20Cyber%20Policy%20Form.pdf,"Hosted by Corvus (carrier site, HubSpot file store). Edition not shown.",generic_sweep
corvus-insurance-travelers-c8a61ac4,Corvus Insurance (Travelers),Smart Cyber Insurance - Nonprofit Organizations,summary,,,US,US,SMB,pdf,True,True,Smart Cyber Insurance Policies - Nonprofit Organizations (Why Buy),https://info.corvusinsurance.com/hubfs/Why%20Buys%20and%20Claims%20Scenarios/Why%20Buy%20Nonprofits.pdf,industry: nonprofits. Industry 'why buy' sheet with claims scenarios. Not a wording.,us_industry_programs
coverys-8b4dd04a,Coverys,Cyber Liability and Protection Plus Coverage (within MPL),product_page,,,US,US,SMB,html,False,True,Medical Professional Liability Insurance for Outpatient Facilities | Coverys,https://www.coverys.com/insurance-offerings/organizations/outpatient-facilities/medical-professional-liability-insurance,"industry: healthcare (outpatient facilities/physician groups). $100,000 aggregate cyber included at no extra cost, with higher limits available. Covers data security/privacy incidents, regulatory and payor audits, and e-crime. No public form found.",us_industry_programs
cowbell-cyber-53888876,Cowbell Cyber,Cowbell Prime 100 / Pro 100 Cyber Risk Insurance Policy,specimen_policy,PRIME 100 PRO 100 11 22,11/2022 (c) 2024,US,US,SMB,pdf,True,True,Cyber Risk Insurance Policy Prime 100 Pro 100 11 22 (c) 2024 SPECIMEN,https://home.sayatalabs.com/cnc-wb/get_resource/carriers/SAMPLE_POLICY_FORM/COWBELL,"Hosted by Sayata Labs, a broker quoting platform. The URL pattern /get_resource/carriers/SAMPLE_POLICY_FORM/<CARRIER> suggests Sayata hosts sample forms for other carriers too, but only COWBELL appeared in results.",generic_sweep
cowbell-cyber-mga-4c693d7e,Cowbell Cyber (MGA),Cowbell Prime Commercial Cyber Insurance Policy,specimen_policy,,,US,US,SMB,pdf,True,False,COMMERCIAL CYBER INSURANCE POLICY (Cowbell Specimen),https://prowritersins.com/wp-content/uploads/2020/08/Cowbell-Specimen-1.pdf,"Hosted by ProWriters (wholesale), upload path 2020/08. OLDER. Cowbell is an SMB cyber MGA and is outside the listed names; it is included under 'other US MGAs'. The insurtech segment may duplicate it. | Hosted by broker ProWriters (2020 upload folder). Older Cowbell specimen, likely superseded by Prime 100 (Sayata copy above).",generic_sweep;us_mga_wholesale
crc-group-hosting-tokio-marine-39643ec3,CRC Group (hosting Tokio Marine HCC / NAS form),NetGuard Plus Cyber Liability,application,NGP-NBA-1,2021-01,US,US,all sizes,pdf,True,False,NetGuard Plus Cyber Liability Insurance Application (March 2021),https://www.crcgroup.com/Portals/34/Flyers/NetGuard%20Plus%20Application%20March%202021_NGPNBA-12021.pdf?ver=2021-04-29-081903-530,"Hosted by CRC Group (wholesale). The filename suggests form NGP-NBA edition 1.2021, released March 2021. OLDER. This is the only CRC-hosted cyber document found.",us_mga_wholesale
crum-forster-3e709ccb,Crum & Forster,C&F Cyber (ABA Insurance program),summary,,,US,US,SMB,pdf,True,True,Crum & Forster Cyber Knowledge Center,https://www.abainsurance.com/content/downloadables/aba/Crum-Forster-One-Sheet.pdf,One-sheet hosted by ABA Insurance Services (banking association broker). May be mostly a risk-management resource summary rather than a coverage summary.,us_specialty_b
crum-forster-226e9da7,Crum & Forster,C&F Simple Cyber,specimen_policy,,2023-01-31,US,US,SMB,pdf,True,False,Simple Cyber,https://www.cfins.com/wp-content/uploads/2021/05/Simple-Cyber-General-2023.01.31.pdf,"Earlier Simple Cyber specimen, edition 2023.01.31. Replaced by v6 2025.09.04.",us_specialty_b
crum-forster-e4d4a97c,Crum & Forster,C&F Simple Cyber,specimen_policy,Simple Cyber Version 6.0,2025-09-04,US,US,SMB,pdf,True,True,Simple Cyber Version 6.0 2025.09.04 www.cfins.com/cyber,https://www.cfins.com/wp-content/uploads/2021/05/Simple-Cyber-General-v6-2025.09.04.pdf,"Current full specimen policy (about 15 pages). Covers cyber BI, dependent BI, breach costs, and so on. Designed to wrap around an insured's existing P&C program, without a long list of endorsements.",us_specialty_b
crum-forster-b53520bb,Crum & Forster,C&F Simple Cyber,specimen_policy,,,US,US,SMB,pdf,True,False,Cfins (Simple-Cyber-General.pdf),https://www.cfins.com/wp-content/uploads/2021/05/Simple-Cyber-General.pdf,"Undated original Simple Cyber specimen (upload path 2021/05). OLDER, probably 2021.",us_specialty_b
crum-forster-41602c8f,Crum & Forster,C&F Simple Cyber,summary,,2024-09,US,US,SMB,pdf,True,True,C&F Makes Cyber Simpler,https://www.cfins.com/wp-content/uploads/2024/09/We-Make-Cyber-Simpler.pdf,Product overview flyer (upload path 2024/09).,us_specialty_b
crum-forster-a2c3b6c4,Crum & Forster,C&F Simple Cyber - MCM (Enhanced Coverage for Professional Service Providers),coverage_form,MCM v6,2025-09-04,US,US,SMB,pdf,True,True,Enhanced Coverage for Professional Service Providers MCM,https://www.cfins.com/wp-content/uploads/2023/01/MCM-v6-2025.09.04.pdf,"Its version and date (v6, 2025.09.04) match Simple Cyber v6, so it appears to be a companion or enhanced form for professional service providers. The exact doc type is not confirmed from the snippet.",us_specialty_b
cysurance-5403012f,Cysurance,Cysurance Protect360 small business cyber insurance (Amwins program),product_page,,,US,US,SMB,html,False,True,Small Business Cyber Insurance | Cysurance,https://www.protect360.cysurance.com/,"Product page, included because no policy wording was found. The program bundles a cyber warranty with a cyber insurance policy placed through an Amwins program. Public PDFs on enroll.cysurance.com are warranty terms and program overviews only, not insurance wordings.",us_mga_wholesale
dual-north-america-tokio-marin-0f8dfc5f,DUAL North America (Tokio Marine Kiln paper),"DUAL Cyber Liability (SMB, online quote-bind-issue)",policy_wording,,2023,US,US,SMB,pdf,True,True,DUAL North America - Cyber Liability (DUAL Cyber Policy Form - TMK (2023)),https://5139533.fs1.hubspotusercontent-na1.net/hubfs/5139533/Files%20to%20keep/Cyber/Product%20resources/DUAL%20Cyber%20Policy%20Form%20-%20TMK%20(2023).pdf,"DUAL NA cyber policy form, 2023 edition. 'TMK' indicates Tokio Marine Kiln (Lloyd's) capacity, so this entry also covers the TMK US cyber wording. Hosted on a HubSpot CDN, probably a DUAL or distribution-partner file store. DUAL NA targets small to mid-sized businesses on a claims-made form with retentions from $2,500.",us_mga_wholesale
elpha-secure-4ab7cca0,Elpha Secure,Elpha Secure Cyber Insurance,specimen_policy,,,US,US,SMB,pdf,True,False,Insuring Agreements First Party (Elpha Secure Sample Policy),https://cdn.prod.website-files.com/613b6b937db59c019880acd9/6568dedc3e0b2a3ccac55737_Elpha%20Secure%20Sample%20Policy.pdf,Copy on Elpha Secure's Webflow CDN. The asset ID suggests an upload around late November 2023. It may be an earlier or alternate version of the elphasecure.com sample policy.,us_mga_wholesale
elpha-secure-b28fb0e2,Elpha Secure,Elpha Secure Cyber Insurance (bundled with Elphaware security software),specimen_policy,,,US,US,SMB,pdf,True,True,Insuring Agreements (Elpha Secure Sample Policy),https://elphasecure.com/docasset/documents/Sample-Policy.pdf,Sample policy on Elpha Secure's own domain. The snippet defines 'Cybersecurity Risk Controls' (Elphaware or third-party security software confirmed in the Application) and 'Damages'. The carrier paper is described only as AM Best A-rated. Edition not shown in the snippet.,us_mga_wholesale
emc-insurance-6288c91b,EMC Insurance,Data Compromise Coverage,summary,,,US,US,SMB,pdf,True,True,Data Compromise Coverage,https://www.blcinsurance.com/documents/EMC/Commercial/EMC%20Data%20Comprimise.pdf,Hosted by an agency (BLC Insurance). It covers EMC's data compromise add-on to commercial package and BOP policies. It could be a coverage summary or the form itself. Not verified.,embedded_endorsements
erie-insurance-ad4c11b3,Erie Insurance,Data Breach Response Expenses Coverage (business; with CyberScout),product_page,,,US,US,SMB,html,False,False,Business Data Breach Coverage | Erie Insurance,https://www.erieinsurance.com/business-insurance/data-breach,"No public form was found. This is an earlier or separate data-breach response coverage, offered with CyberScout, that pays for notification, legal and forensic costs and credit monitoring. Cyber Suite on ErieSecure Business may now replace it (not confirmed).",us_regional_mutuals
erie-insurance-erie-insurance--c2c70a44,Erie Insurance (Erie Insurance Exchange / Erie Insurance Property & Casualty); cyber reinsured by Hartford Steam Boiler,Cyber Suite (endorsement to ErieSecure Business),product_page,,,US,US,SMB,html,False,True,Cyber Suite | Erie Insurance,https://www.erieinsurance.com/business-insurance/cyber-insurance,"No public form was found. Cyber Suite is an extra-cost endorsement available only on ErieSecure Business policies. It covers data breach, computer fraud and attack, cyber extortion, misdirected payment fraud and telecom fraud, plus privacy incident liability, network security liability and electronic media liability. It is reinsured by HSB, so the wording is likely based on HSB's Cyber Suite, and it is not offered in New York. An alias URL also exists: https://www.erieinsurance.com/business-insurance/cybersuite.",us_regional_mutuals
evolve-mga-de8e6be2,Evolve MGA,Evolve Cyber Insurance for SMBs,product_page,,,US,US,SMB,html,False,True,Best in Class Cyber Insurance for SMBs,https://evolvemga.com/cyber-insurance-2/,"Product page. Included because no public specimen wording was found. Evolve is a cyber-specialist MGA with full underwriting authority, distributing to retail agents.",us_mga_wholesale
evolve-mga-4ed71bd2,Evolve MGA,Evolve Cyber Liability (SMB),application,,,US,US,SMB,pdf,True,False,Evolve Cyber Application,https://www.iiav.com/Products/SiteAssets/Pages/ForYourAgency/DataBreach/default/Evolve%20Cyber%20Application.pdf,"Hosted by the Independent Insurance Agents of Virginia (IIAV). The snippet lists coverages including Cyber Crime, Cyber Extortion, Data Loss and Denial of Service Attack. Edition unknown. No Evolve specimen policy was found online.",us_mga_wholesale
evolve-mga-784c2e11,Evolve MGA,Evolve Cyber Liability (SMB),application,,,US,US,SMB,pdf,True,False,Cyber Insurance Renewal Application,https://www.iiav.com/SiteAssets/NB%20App%20up%20to%203M.pdf,ATTRIBUTION UNCERTAIN. The file appeared in results for an Evolve MGA search on IIAV's site. The filename suggests a new-business application for limits up to $3M.,us_mga_wholesale
fmh-fmh-com-hsb-form-16b4ad6d,FMH (fmh.com; HSB form),HSB Cyber Suite,endorsement,FMH CY 1M SD,09-18,US,US,SMB,pdf,True,False,Cyber Suite Coverage Endorsement,https://www.fmh.com/docs/librariesprovider81/manuals-and-forms/fmhcy1m-sd.pdf?sfvrsn=4173491b_8,Cyber Suite coverage endorsement hosted by FMH (likely Farmers Mutual Hail) in its manuals-and-forms library. The search summary names the form FMH CY 1M SD 09-18 and the issuer as The Hartford Steam Boiler Inspection and Insurance Company. OLDER edition (2018).,us_standard_forms
greater-new-york-mutual-gny-hs-9a0dba15,Greater New York Mutual (GNY) - HSB Cyber Suite,HSB Cyber Suite,summary,,2024-12,US,US,SMB,pdf,True,True,Cyber Suite: Coverage Overview,https://www.gny.com/sites/default/files/file/2024-12/CyberSuite_Coverage_GNY.pdf,Carrier coverage overview of the HSB Cyber Suite endorsement offered with GNY commercial policies.,us_standard_forms
greater-new-york-mutual-gny-hs-08cb4679,Greater New York Mutual (GNY) - HSB Cyber Suite,HSB Cyber Suite,summary,,2024-12,US,US,SMB,pdf,True,True,What is Cyber Suite Coverage? (GNY Cyber Suite FAQs),https://www.gny.com/sites/default/files/file/2024-12/CyberSuite_FAQs_GNY.pdf,Carrier FAQ about the Cyber Suite coverage.,us_standard_forms
heartland-mutual-insurance-61e20f82,Heartland Mutual Insurance,Data Compromise Coverage Endorsement - Response Expenses and Defence,endorsement,,,US,US,SMB,pdf,True,True,Data-Compromise-Coverage-Endorsement-Response-Expenses-and-Defence,https://heartlandmutualinsurance.com/wp-content/uploads/2023/07/Data-Compromise-Coverage-Endorsement-Response-Expenses-and-Defence.pdf,"Data compromise endorsement (response expenses plus defense and liability) that attaches to a commercial property or package policy. Uploaded July 2023. The spelling 'Defence' suggests it may be Canadian, but the country is unverified.",embedded_endorsements
heartland-mutual-insurance-hsb-29ea6d91,Heartland Mutual Insurance (HSB form),HSB Cyber Suite,coverage_form,CSC 02-2025,02-2025,US,US,SMB,pdf,True,True,Page 1 of 24 CSC 02-2025 Cyber Suite Coverage Form,https://heartlandmutualinsurance.com/wp-content/uploads/2024/12/Cyber-Suite-Coverage-Form-CSC-02-2025.pdf,Full 24-page Cyber Suite coverage form hosted by the carrier. It is the latest HSB Cyber Suite wording found (2025 edition). A regional mutual files it as a white-label HSB form.,us_standard_forms
heartland-mutual-insurance-hsb-f9924329,Heartland Mutual Insurance (HSB form),HSB CyberOne,endorsement,,,US,US,SMB,pdf,True,True,CyberOne - Computer Attack and Network Security Liability Coverage Endorsement,https://heartlandmutualinsurance.com/wp-content/uploads/2023/07/CyberOne-Computer-Attack-and-Network-Security-Liability-Coverage-Endorsement.pdf,HSB CyberOne endorsement (first-party computer attack plus third-party network security liability) as filed or used by a regional mutual. Uploaded July 2023. The form number and edition were not visible in the snippet.,us_standard_forms
hiscox-27ef92a7,Hiscox,Hiscox CyberClear (group brochure),summary,,,US,US,all sizes,pdf,True,False,Hiscox Cyber and Data Risk Solutions WHEN IT COMES TO THE COMPLEX,https://www.hiscox.com/documents/brokers/cyber/15722-Group-Hiscox-CyberClear-brochure.pdf,Hiscox group CyberClear brochure hosted on hiscox.com (US site).,us_specialty_a
hiscox-fe0abf65,Hiscox,Hiscox CyberClear (US admitted),coverage_form,CYBCL-CYB P0001A CW,10/2019,US,US,SMB,pdf,True,True,SPECIMEN Cyber Coverage Part CYBCL-CYB P0001A CW (10/19) Page 1 of 20,https://www.hiscox.com/documents/brokers/cyber/CyberClear_Admitted_Cyber_Coverage_Part.pdf,Specimen of the US admitted CyberClear cyber coverage part (20 pages) from the Hiscox broker document library. This is the latest US CyberClear edition found. Newer editions may exist; searching stopped early.,us_specialty_a
hiscox-42779c2e,Hiscox,Hiscox CyberClear (US),summary,,,US,US,SMB,pdf,True,True,Hiscox CyberClear Policyholder Guide Hiscox CyberClear Academy,https://www.hiscox.com/documents/brokers/cyber/222-cyberclear-academy-factsheet.pdf,Policyholder guide to the CyberClear Academy training service.,us_specialty_a
hiscox-6e13743b,Hiscox,Hiscox CyberClear (US),summary,530,,US,US,SMB,pdf,True,True,CYBER AND DATA Cyber breaches are inevitable. Protect your client,https://www.hiscox.com/documents/brokers/cyber/530-cyber-factsheet-broker.pdf,"US broker factsheet for Hiscox cyber and data (CyberClear). '530' is the Hiscox document number, not a policy form number.",us_specialty_a
hiscox-ebfb8379,Hiscox,Hiscox CyberClear (US),summary,531,,US,US,SMB,pdf,True,True,HISCOX CYBER AND DATA RISK SOLUTIONS,https://www.hiscox.com/documents/brokers/cyber/531-cyber-factsheet-consumer.pdf,US customer-facing factsheet. '531' is the Hiscox document number.,us_specialty_a
hiscox-87acb157,Hiscox,Hiscox PRO Cyber,summary,,,US,US,SMB,pdf,True,False,Hiscox PRO Cyber 101,https://www.hiscox.com/documents/brokers/cyber/14542-US-Cyber-101-interactive-brochure.pdf,OLDER. US broker brochure introducing cyber.,us_specialty_a
hiscox-f44a9680,Hiscox,Hiscox small business cyber (partner-agent specimen),specimen_policy,,,US,US,SMB,pdf,True,True,Hiscox (Cyber_Form specimen),https://www.hiscox.com/documents/partner-agent/specimen_forms/Cyber_Form.pdf,Specimen cyber form in the Hiscox partner-agent specimen forms library. This library serves the small business channel (direct and partner agents; product page https://www.hiscox.com/small-business-insurance/cyber-security-insurance). Form number and edition not in the snippet.,us_specialty_a
hiscox-251c9817,Hiscox,HiscoxPRO Data Breach and Privacy Security Liability,summary,,,US,US,SMB,pdf,True,False,policy comparison Data Breach and Privacy Security Liability,https://www.hiscox.com/documents/brokers/cyber/13872-HiscoxPRO%E2%80%93Policy_Comparison%20_Data_Breach_and_Privacy_Security_Liability.pdf,OLDER. HiscoxPRO policy comparison sheet for data breach and privacy security liability.,us_specialty_a
hiscox-7d730cd3,Hiscox,HiscoxPRO Privacy and Data Breach Protection,coverage_form,WCL P0004 CW,11/2014,US,US,SMB,pdf,True,False,Data Breach and Privacy Security Liability Coverage Part WCL P0004 CW (11/14),https://www.hiscox.com/documents/brokers/cyber/WCL_P0004_Privacy_and_Data_Breach_Protection_Form.pdf,OLDER. The HiscoxPRO data breach and privacy coverage part that came before CyberClear.,us_specialty_a
hiscox-e434d7a2,Hiscox,HiscoxPRO Privacy and Data Breach Protection,summary,,,US,US,SMB,pdf,True,False,Hiscox Privacy and Data Breach Protection Insurance,https://www.hiscox.com/documents/brokers/cyber/9895_us_privacy_and_data_breach_protection_factsheet.pdf,OLDER. US factsheet for the Privacy and Data Breach Protection product.,us_specialty_a
hiscox-1e5b52f6,Hiscox,HiscoxPRO Privacy and Data Breach Protection,application,,,US,US,SMB,pdf,True,False,Privacy and Data Breach Protection (Mainform Application),https://www.hiscox.com/documents/brokers/cyber/10049_Privacy_and_Data_Breach_Protection_Mainform_Application.pdf,OLDER. Main-form application.,us_specialty_a
hiscox-4bb6116a,Hiscox,HiscoxPRO Tech/Cyber,application,PLP A0002,,US,US,SMB,doc,True,False,PLP_A0002 HiscoxPRO Tech Cyber Renewal Application,https://www.hiscox.com/documents/brokers/tech/PLP_A0002-HiscoxPRO-Tech-Cyber-Renewal-Application.DOC,OLDER. Renewal application in legacy Word .DOC format (not .docx).,us_specialty_a
hiscox-08fb90b9,Hiscox,HiscoxPRO Technology Protection (tech E&O with cyber),coverage_form,10402,07/2012,US,US,SMB,pdf,True,False,Hiscox Technology Protection 10402 07/12,https://www.hiscox.com/documents/brokers/tech/HiscoxPRO_Technology_Protection_Form.pdf,OLDER. Technology E&O form for small tech firms that includes cyber extortion and privacy cover. Not a standalone cyber form.,us_specialty_a
hiscox-inc-us-50b446d1,Hiscox Inc. (US),Insurance for Data Breach and Privacy Security Liability,specimen_policy,,,US,US,SMB,pdf,True,False,Insurance for Data Breach and Privacy Security Liability Hiscox Inc.,https://prowritersins.com/wp-content/uploads/2018/09/Hiscox-Sample-Policy-Form-with-Endorsements.pdf,"Hosted by ProWriters, upload path 2018/09. Includes coverage parts, declarations, general terms and conditions, and endorsements. OLDER (2018). This is Hiscox US, not a Hiscox London Market wording. | Hosted by broker ProWriters (2018 upload folder). Includes endorsements. Older.",generic_sweep;us_mga_wholesale
hsb-munich-re-28bb55f9,HSB (Munich Re),HSB Cyber Suite,summary,,,US,US,SMB,pdf,True,True,HSB Cyber Suite for agents,https://www.munichre.com/content/dam/munichre/contentlounge/website-pieces/documents/hsb-cyber-suite-agents-brochure.pdf,"Official HSB agent brochure for Cyber Suite. Limits run from $50K to $1M. Coverages include data compromise, computer attack, cyber extortion, misdirected payment fraud, network security liability and electronic media liability.",us_standard_forms
hsb-munich-re-78889962,HSB (Munich Re),HSB CyberOne,summary,,,US,US,SMB,pdf,True,True,HSB CyberOne(TM) Coverage - Hartford Steam Boiler,https://www.munichre.com/content/dam/munichre/contentlounge/website-pieces/documents/CyberOne_HSB.pdf/_jcr_content/renditions/original./CyberOne_HSB.pdf,"HSB coverage description. Computer attack and cyber extortion cover data restoration, data re-creation, systems restoration, business income and extortion expenses. Network security liability is the third-party part. Probably a coverage summary rather than the full form.",us_standard_forms
hsb-munich-re-01d2f68e,HSB (Munich Re),HSB Data Compromise Coverage,product_page,,,US,US,SMB,html,False,True,HSB BI&I - Data Compromise coverage (Commercial Lines Insurers),https://www.munichre.com/HSBBII/en/products/Commercial-Lines-Insurers/data-compromise/data-compromise-coverage/index.html,HSB product page for the white-label Data Compromise endorsement (Response Expenses plus Data Compromise Liability) sold to commercial-lines insurers. No official HSB form PDF was found.,us_standard_forms
hsb-munich-re-80cbf4c6,HSB (Munich Re),HSB Total Cyber,application,,2019,US,US,SME,pdf,True,False,HSB Total Cyber Insurance Application (2019),https://www.munichre.com/content/dam/munichre/contentlounge/website-pieces/documents/HSB-Total-Cyber-Insurance-Application-2019.pdf/_jcr_content/renditions/original.media_file.download_attachment.file/HSB-Total-Cyber-Insurance-Application-2019.pdf,"Official HSB application, OLDER (2019). The same file is mirrored at advisorsmith.com (not recorded separately).",us_standard_forms
hsb-munich-re-copy-hosted-by-u-4466c4d8,HSB (Munich Re) - copy hosted by University of Tulsa,HSB Total Cyber,declarations,,,US,US,SME,pdf,True,False,The Hartford Steam Boiler Inspection and Insurance Company HSB Total Cyber(TM),https://tylermoore.utulsa.edu/cyberschedex.pdf,"HSB Total Cyber document posted by an academic cyber-insurance researcher (Tyler Moore, U. Tulsa). The filename 'cyberschedex' suggests a sample schedule/declarations and possibly form excerpts. The search snippet matched the terms 'data compromise' and 'response expenses'. Edition unknown and probably older.",us_standard_forms
hsb-munich-re-via-mastercard-p-ff9de91d,HSB (Munich Re) - via Mastercard program,HSB Total Cyber,specimen_policy,,2021,US,US,SME,pdf,True,True,HSB Total Cyber(TM) - 2021 Sample Policy,https://int.hsbtotalcyber.com/content/dam/munichre/hsbgrp/totalcyber/mastercard/2021_Sample_Policy.pdf,"Sample policy of HSB's standalone Total Cyber product, hosted on an HSB Total Cyber portal for Mastercard small-business cardholders. It is the latest US Total Cyber specimen found. A newer edition may exist.",us_standard_forms
iso-index-published-by-wolters-fa5af0ba,ISO (index published by Wolters Kluwer FRG),Businessowners Policy Forms and Endorsements,summary,,,US,US,SMB,pdf,True,True,Businessowners Policy Forms and Endorsements,https://frg.wolterskluwer.com/Commercial_Business_Owners.pdf,"Index of BOP forms and endorsements, found in a data compromise BOP search. It is useful for finding ISO BP form numbers for data compromise, electronic data and cyber endorsements. It is not itself a wording.",embedded_endorsements
iso-verisk-ce462874,ISO (Verisk),ISO Cyber Program - Commercial Cyber Insurance Policy,declarations,CY DS 02,,US,US,SME,html,False,True,Commercial Cyber Insurance Policy Declarations - Form CY DS 02 (CY),https://www.insurancexdate.com/insurance-forms/CY/CY-DS-02/,Third-party form reference page for the ISO declarations that go with the CY 00 02 policy.,us_standard_forms
iso-verisk-e44d1bab,ISO (Verisk),ISO Cyber Program - Commercial Cyber Insurance Policy,product_page,CY 00 02,11 21,US,US,SME,html,False,True,COMMERCIAL CYBER INSURANCE POLICY - Form CY 00 02 (CY),https://www.insurancexdate.com/insurance-forms/CY/CY-00-02/,"Third-party form reference page (InsuranceXDate), not the ISO PDF. CY 00 02 11 21 replaces CY 00 01 01 18 in many states. It has 4 first-party and 4 claims-made-and-reported liability insuring agreements, each with its own limit under a policy aggregate. The ISO form is copyrighted and only licensees receive it, so no public PDF was found. The brief's 'CY 00 01 Cyber Incident Response / CY 00 02 Cyber Liability' titles are wrong. Both are titled 'Commercial Cyber Insurance Policy'.",us_standard_forms
iso-verisk-da1d2303,ISO (Verisk),ISO Cyber Program - Commercial Cyber Insurance Policy (first edition),coverage_form,CY 00 01,01 18,US,US,SME,html,False,False,ISO Form CY 00 01 01 18 (Commercial Cyber Insurance Policy),https://advance.lexis.com/open/document/openwebdocview/ISO-Form-CY-00-01-01-18-Commercial-Cyber-Insurance-Policy-/?pddocfullpath=%2Fshared%2Fdocument%2Fforms%2Furn%3AcontentItem%3A5TJJ-XGG1-JN6B-S0GB-00000-00&pdcomponentid=500767,"OLDER edition, superseded by CY 00 02 11 21. Shown in the LexisNexis Practical Guidance open document viewer, which may need a login. Introduced under ISO circular LI-CY-2017-005 (July 2017) as a standalone cyber form for small to mid-sized risks. That circular also renamed the ISO E-Commerce Program to the ISO Cyber Program.",us_standard_forms
iso-verisk-173b3e77,ISO (Verisk),ISO Cyber Program endorsement,endorsement,CY 10 01,,US,US,SME,html,False,True,Policy Changes - Form CY 10 01 (CY),https://www.insurancexdate.com/insurance-forms/CY/CY-10-01/,Third-party form reference page. This is the ISO CY-line policy change form.,us_standard_forms
iso-verisk-7f303f54,ISO (Verisk),ISO Cyber Program endorsement,endorsement,CY 20 02,,US,US,SME,html,False,True,Include Specified Individuals As Employees - Form CY 20 02 (CY),https://www.insurancexdate.com/insurance-forms/CY/CY-20-02/,Third-party form reference page for an ISO CY-line endorsement.,us_standard_forms
iso-verisk-6278d033,ISO (Verisk),ISO Cyber Program endorsement,endorsement,CY 20 20,,US,US,SME,html,False,True,Additional Insured - Designated Person or Entity - Form CY 20 20 (CY),https://www.insurancexdate.com/insurance-forms/CY/CY-20-20/,Third-party form reference page for an ISO CY-line endorsement.,us_standard_forms
iso-verisk-a4c998c3,ISO (Verisk),ISO Information Security Protection Cyber Policy,declarations,CY DS 01,,US,US,SME,html,False,True,INFORMATION SECURITY PROTECTION CYBER POLICY DECLARATIONS - Form CY DS 01 (CY),https://www.insurancexdate.com/insurance-forms/CY/CY-DS-01/,Third-party form reference page for the ISO ISP cyber policy declarations.,us_standard_forms
iso-verisk-122a02cc,ISO (Verisk),ISO Information Security Protection Cyber Policy,product_page,CY 00 03,,US,US,SME,html,False,False,Information Security Protection Cyber Policy - Form CY 00 03 (CY),https://www.insurancexdate.com/insurance-forms/CY/CY-00-03/,Third-party form reference page. Probably an earlier ISP form number than CY 00 10 (not confirmed).,us_standard_forms
iso-verisk-52c3b39c,ISO (Verisk),ISO Information Security Protection Cyber Policy,product_page,CY 00 10,,US,US,SME,html,False,True,Information Security Protection Cyber Policy - Form CY 00 10 (CY),https://www.insurancexdate.com/insurance-forms/CY/CY-00-10/,"Third-party form reference page, not the ISO PDF. This is ISO's ISP (Information Security Protection) cyber policy, a separate line from CY 00 02. Assumed to be the later ISP form number, but the page was not checked.",us_standard_forms
lawyers-mutual-insurance-compa-c18aabd6,Lawyers Mutual Insurance Company (NC),Cyber Insurance Endorsement,endorsement,,09/2024,US,US,SMB,pdf,True,True,Cyber Insurance Endorsement 09/2024 Page 1 of 11 CYBER INSURANCE ENDORSEMENT,https://www.lawyersmutual.com/wp-content/uploads/2024/12/Cyber_Endorsement.pdf,OFF-SEGMENT (an endorsement to lawyers' professional liability for small law firms). It gives first-party cyber cover on an event discovered and reported basis. The underlying reinsurer or white-label source is unknown.,us_standard_forms
magmutual-94e03da2,MagMutual,Cyber Plus (combined cyber and regulatory liability),product_page,,,US,US,SMB,html,False,True,Cyber Liability Insurance | MagMutual,https://www.magmutual.com/products/cyber-plus,industry: healthcare. Combined cyber and regulatory (HIPAA investigation defense) product. No public wording found.,us_industry_programs
medpro-group-6a991ba1,MedPro Group,Ambulatory Surgery Center coverage (cyber liability component),summary,,,US,US,SMB,pdf,True,True,Medpro (ASC),https://resource.medpro.com/documents/882312/882374/ASC.pdf,industry: healthcare (ambulatory surgery centers). The search summary says this ASC product document mentions cyber liability coverage. How much cyber content it has is unverified.,us_industry_programs
medpro-group-c47d566e,MedPro Group,CyberShield,summary,RM-CYB-SS-0211,02/2011,US,US,SMB,pdf,True,False,Who Needs Cyber Insurance? (CyberShield),https://www.medpro.com/documents/10502/139324/02+18+11+RM-CYB-SS-0211_Cybershield.pdf,industry: healthcare. OLDER sell sheet (02/18/11).,us_industry_programs
medpro-group-78c68704,MedPro Group,CyberShield / CyberShield Plus,summary,,02/2012,US,US,SMB,pdf,True,False,Cyber Liability Coverage (CyberShield and CyberShield Plus),https://www.medpro.com/documents/10502/10736/CyberShield_and_CyberShieldPlus_0212.pdf,"industry: healthcare. OLDER document (filename says 0212, which suggests Feb 2012). Covers network security, patient notification, data recovery, and privacy regulatory violations (HIPAA, GLBA, HITECH). Probably replaced by the Cyber Liability and Data Breach Coverage form.",us_industry_programs
medpro-group-medical-protectiv-8075e5e8,MedPro Group / Medical Protective (Berkshire Hathaway),Cyber Liability and Data Breach Coverage (physician and surgeon policies),summary,,,US,US,SMB,pdf,True,True,Cyber Liability (Cyber Coverage Physician Slick),https://resource.medpro.com/documents/10502/0/Cyber_Coverage_Physician_Slick.pdf,industry: healthcare (physicians/medical practices). Coverage sheet for the 'Cyber Liability and Data Breach Coverage' form included at no cost in physician and surgeon policies. Beazley USA Services handles breach response. Also found at https://www.medpro.com/documents/10502/0/Cyber_Coverage_Physician_Slick.pdf (same document).,us_industry_programs
multiple-law-school-cle-materi-35b7efe1,Multiple (law school CLE materials),Network Security Privacy Liability and Insurance - Gibbons Institute / DePaul materials,summary,,02/2015,US,US,all sizes,pdf,True,False,Network Security Privacy Liability and Insurance February 2015,https://law.shu.edu/documents/Gibbons-Institute-Cyber-Risk-Insurance-DePaul-Materials.pdf,"Hosted by Seton Hall Law School (Gibbons Institute). Academic/CLE materials on cyber policy forms. May reproduce policy language, but that is unverified. Older (2015).",generic_sweep
multiple-prowriters-index-0a8a6bd1,Multiple (ProWriters index),"Sample cyber insurance policy index (Coalition, Cowbell, At-Bay, CFC, Travelers, Hiscox, etc.)",product_page,,,US,US,SMB,html,False,True,Cyber Insurance Policy Example | ProWriters,https://prowritersins.com/cyber-insurance-blog/sample-cyber-insurance-policy/,Broker (ProWriters) page that links to specimen forms from several SMB cyber carriers. Useful as an index. Its PDFs are listed individually in this file where their URLs appeared.,generic_sweep
new-mexico-public-schools-insu-1923db01,New Mexico Public Schools Insurance Authority (NMPSIA),Cyber Liability claims reporting,summary,,Rev. September 2025,US,US,all sizes,pdf,True,True,CYBER LIABILITY CLAIMS REPORTING (Rev. September 2025),https://nmpsia.com/pdfs/poms-risk-docs/25_26_Cyber_Claim_Reporting_Instructions.pdf,industry: education / public schools. Cyber claim reporting instructions that go with the MOC. Low priority.,us_industry_programs
new-mexico-public-schools-insu-57d1d938,New Mexico Public Schools Insurance Authority (NMPSIA),"Memorandum of Coverage - Property, Automobile Physical Damage, Crime & Cyber",policy_wording,MOC L029,2026-07-01 (policy year 2026-2027; executed 05/26/26),US,US,all sizes,pdf,True,True,Memorandum of Coverage/New Mexico Public Schools Insurance Authority (113 pages),https://nmpsia.com/pdfs/26_27_MOC_L029_Property_Automobile_Physical_Damage_Crime_Cyber_Coverage_EXECUTED_052626.pdf,industry: education / public school districts and charter schools (risk pool). Full 2026-27 executed memorandum of coverage that includes cyber coverage.,us_industry_programs
new-mexico-public-schools-insu-452c0bf1,New Mexico Public Schools Insurance Authority (NMPSIA),"Memorandum of Coverage - Property, Automobile Physical Damage, Crime & Cyber",policy_wording,MOC P026,2023-07-01 (policy year 2023-2024),US,US,all sizes,pdf,True,False,"Memorandum of Coverage - MOCP026 July 1, 2023, to July 1, 2024",https://nmpsia.com/pdfs/poms-risk-docs/23_24_MOC_P026_Property_Automobile_Physical_Damage_Crime_Cyber_Coverage_Final_060523_Signed.pdf,"industry: education / public schools (risk pool). OLDER edition, replaced by MOC L029 (2026-27).",us_industry_programs
new-mexico-public-schools-insu-fcc4d369,New Mexico Public Schools Insurance Authority (NMPSIA) / Poms & Associates,Cyber coverage overview for schools,summary,,2025-06-10,US,US,all sizes,pdf,True,True,"Cyber Insurance Coverage in Schools - Navigating Trends (NMPED Charter School Conference, June 10, 2025)","https://nmpsia.com/pdfs/poms-risk-docs/Cyber%20Insurance%20Coverage%20in%20Schools%20-%20NMPED%20Charter%20School%20Conference,%20June%2010,%202025.pdf",industry: education / charter and public schools. Presentation summarizing the pool's cyber coverage and required controls. Low priority.,us_industry_programs
philadelphia-insurance-compani-ac468f69,Philadelphia Insurance Companies,Cyber Security Liability,application,,,US,US,SMB,pdf,True,True,CYBER SECURITY LIABILITY APPLICATION - IDAHO,https://www.phly.com/cms/assets/325MHxLHbGgmJRciLfszX8/Application_-_Cyber_Security_Liability_-_ID.pdf,industry: multi-industry SMB. Idaho state version of the application.,us_industry_programs
philadelphia-insurance-compani-f208bb80,Philadelphia Insurance Companies,Cyber Security Liability,application,PI-CYB-014,05/17,US,US,SMB,pdf,True,True,CYBER SECURITY LIABILITY APPLICATION (Countrywide),https://www.phly.com/cms/assets/4K4QLyNuu9PpZUEduPKjHn/Application_-_Cyber_Security_Liability_-_Countrywide.pdf,industry: nonprofits/human services/multi-industry SMB. Countrywide new-business application. The search summary gives PI-CYB-014 (05/17).,us_industry_programs
philadelphia-insurance-compani-25c0b244,Philadelphia Insurance Companies,Cyber Security Liability,application,,,US,US,SMB,pdf,True,True,CYBER SECURITY LIABILITY APPLICATION - FLORIDA,https://www.phly.com/cms/assets/4MQQ1iu4U2F5rUHcRTxBkX/Application_-_Cyber_Security_Liability_-_FL.pdf,industry: multi-industry SMB. Florida state version of the application.,us_industry_programs
philadelphia-insurance-compani-41e47358,Philadelphia Insurance Companies,Cyber Security Liability,application,PI-CYB-021 NY,,US,US,SMB,pdf,True,True,CYBER SECURITY LIABILITY RENEWAL APPLICATION (New York),https://www.phly.com/cms/assets/6KXd6jAzxZclplECpig8RD/Renewal_-_Cyber_-_NY.pdf,industry: multi-industry SMB. New York renewal application.,us_industry_programs
philadelphia-insurance-compani-ca63b8da,Philadelphia Insurance Companies (Philadelphia Indemnity Insurance Company),Cyber Security Liability,declarations,PI-CYB-002,12/09,US,US,SMB,pdf,True,True,PI-CYB-002 (12/09) Cyber Security Liability Policy Declarations (Admitted),https://www.phly.com/cms/assets/5RdOJwUMXa5B06KWn7hnUJ/CyberSecurityLiabilityPolicyDeclarations_Admitted.pdf,"industry: nonprofits/human services/multi-industry SMB. OLDER edition (12/09), but it is the only declarations form found. Lists Loss of Digital Assets, Non-Physical BI, Cyber Extortion Threat, Security Event Costs, Network Security & Privacy Liability, Employee Privacy Liability, Electronic Media Liability, Cyber Terrorism.",us_industry_programs
philadelphia-insurance-compani-6fbea369,Philadelphia Insurance Companies (PHLY),Cyber Security Liability,coverage_form,36-8835,08/2012,US,US,SMB,pdf,True,False,CYBER SECURITY LIABILITY COVERAGE FORM,https://www.phly.com/files/Cyber%20Security%20Liability%20Policy%20Form36-8835.pdf,"OFF-SEGMENT (proprietary carrier form). Recorded because it turned up in these searches. The form number is taken from the filename. Edition unknown. | industry: nonprofits/human services/multi-industry SMB (PHLY package niches). Full coverage form. The filename contains '36-8835', which may be an internal document ID rather than the PI-CYB form number. Edition not shown in snippet. | Hosted by PHLY (carrier site). Older (2012).",generic_sweep;us_industry_programs;us_standard_forms
physicians-insurance-washingto-144ddb12,Physicians Insurance (Washington; now part of Physicians Insurance/Curi-affiliated network),Cyber Liability,product_page,,,US,US,SMB,html,False,True,Cyber Liability | Physicians Insurance,https://www.phyins.com/insurance/cyber-liability,industry: healthcare (physician practices). No public wording found.,us_industry_programs
proassurance-incl-norcal-group-da01facd,ProAssurance (incl. NORCAL Group),CyberAssurance Plus (included in MPL) / ProSecure,product_page,,,US,US,SMB,html,False,True,Cybersecurity / ProSecure | ProAssurance,https://proassurance.com/cybersecurity-prosecure,"industry: healthcare (physicians). CyberAssurance Plus comes with most MPL policies at no extra cost (multimedia liability, cyber extortion, cyber terrorism BI). ProSecure is the higher-limit standalone suite. No public endorsement wording found.",us_industry_programs
quincy-mutual-iso-form-cd550011,Quincy Mutual (ISO form),ISO Businessowners Coverage Form BP 00 03,coverage_form,BP 00 03 01 06,2006-01,US,US,SMB,pdf,True,False,BUSINESSOWNERS BP 00 03 01 06,https://qol.qmfi.com/quincyonline/PDF_Forms/BOP%20FORMS/00030106.pdf,OLDER (01/06 edition). The base ISO BOP coverage form includes the Electronic Data and Interruption of Computer Operations additional coverages. It is the base form that ISO data compromise and cyber endorsements attach to.,embedded_endorsements
safety-insurance-company-dc3dd805,Safety Insurance Company,Businessowners Cyber Security Coverage,endorsement,,,US,US,SMB,pdf,True,True,BUSINESSOWNERS CYBER SECURITY COVERAGE,https://www.safetyinsurance.com/doclib/resource_center/pdf/ma/bop-cybersecurity.pdf,Massachusetts BOP cyber endorsement or coverage document from a regional carrier. Its underlying source (HSB white label or proprietary) was not confirmed. The search matched the terms 'network security liability'.,us_standard_forms
sompo-international-b3d42e82,Sompo International,Sompo Cyber Insurance,product_page,,,US,US,all sizes,html,False,True,Cyber Insurance | Sompo,https://www.sompo-intl.com/insurance/products/cyber-insurance/,General cyber product page. No document URL was found.,us_specialty_b
sompo-international-2e8bda18,Sompo International,Sompo Premier Professional (Cyber & Network Risk),product_page,,,US,US,all sizes,html,False,True,Cyber & Network Risk | Sompo,https://www.sompo-intl.com/insurance/cyber-network-risk/,"No public wording was found. The single Premier Professional form offers standalone or blended cyber and PL for all sizes, plus an optional Breach Assist endorsement and a Cyber Side A extension. Also on the new domain: https://www.sompo.com/en-us/insurance/cyber-and-network-risk",us_specialty_b
sompo-international-9d70c6db,Sompo International,Sompo Pro (US),product_page,,,US,US,SMB,html,False,True,Sompo Pro | Sompo,https://www.sompo-intl.com/insurance/us-sompo-pro/,"Appeared in the search for Sompo cyber policy wording. Assumed to be Sompo's small-commercial professional or cyber platform, but the snippet doesn't confirm its cyber scope or SMB focus. No document was found.",us_specialty_b
tdc-specialty-insurance-compan-a132a479,TDC Specialty Insurance Company (The Doctors Company group),CyberGuard Plus Cyber Liability,coverage_form,,2020 (filing 9/20),US,US,SMB,pdf,True,False,"Filing at a Glance Company: TDC Specialty Insurance Company Product Name: CyberGuard Plus Cyber Liability (California rate/rule/form filing 9/20, DCTR-132392072)",https://filingsdirect.com/docs/CAIA/2020/October/TDC%20Specialty%20Other%20CyberGuard%20Plus%20Cyber%20Liability%20rate%20rule%20form%209%2020%20DCTR-132392072.pdf,"OUT OF SEGMENT (specialty medical-liability group; cyber for healthcare practices, mostly small), found incidentally. OLDER (2020) California rate/rule/form filing that should contain the form wording.",us_regional_mutuals
texas-municipal-league-intergo-229f3650,Texas Municipal League Intergovernmental Risk Pool (TMLIRP),Cyber Liability and Data Breach Response (joint self-insurance pool),summary,,2024,US,US,all sizes,pdf,True,True,Resolution 2024-R-31: TML Intergovernmental Risk Pool for Cyber Liability and Data Breach (City of Buda),https://budatx.gov/DocumentCenter/View/12462/2024-R-31-TML-Risk-Pool-Cyber-Liability,industry: public entities (Texas cities). Member resolution and interlocal agreement forming the TMLIRP cyber joint self-insurance fund ($25M annual aggregate shared by all members). The coverage document is in the member portal (members.tmlirp.org/downloads) and not public. Program page: https://info.tmlirp.org/cyber-liability,us_industry_programs
texas-municipal-league-intergo-471e5bef,Texas Municipal League Intergovernmental Risk Pool (TMLIRP),Cyber Liability and Data Breach Response (joint self-insurance pool),summary,,2024-12,US,US,all sizes,pdf,True,True,Resolution No. 24-047 - Interlocal agreement with Texas Municipal League for Cyber Liability and Data Breach cybersecurity insurance (Central Texas Regional Mobility Authority),https://www.mobilityauthority.com/wp-content/uploads/2024/12/Resolution-No.-24-047-interlocal-agreement-with-Texas-Municipal-League-for-Cyber-Liability-and-Data-Breach-Cybersecurity-insurance.pdf,"industry: public entities (Texas special districts). A second member's copy of the TMLIRP cyber interlocal agreement, probably the same template as the Buda one.",us_industry_programs
the-cincinnati-insurance-compa-783ea535,The Cincinnati Insurance Company / The Cincinnati Casualty Company,Cincinnati Data Defender / Cincinnati Network Defender / Cincinnati Cyber Defense (Commercial Package cyber risk forms),coverage_form,HC 102 (Data Defender); HC 103 (Network Defender); Cyber Defense form number not confirmed,HC 102 01 18; HC 103 01 18 (filing dated 08/2019),US,US,SMB,pdf,True,True,"Filing at a Glance Companies: The Cincinnati Casualty Company - Cincinnati CMP Cyber Risk rate/rule/form filing (California, 8/19, SERFF CNNA-131859253)",https://filingsdirect.com/docs/CAIA/2019/October/Cincinnati%20CMP%20Cyber%20Risk%20rate%20rule%20form%208%2019%20CNNA-131859253.pdf,"OLDER (2019 filing). A California Department of Insurance rate/rule/form filing, mirrored by FilingsDirect. Search snippets say it covers all three Cincinnati cyber forms (Data Defender, Network Defender, Cyber Defense) plus endorsements such as a supplemental extended reporting period endorsement and additional insured provisions. Its rule says other commercial business must be written with Cincinnati before any of the 3 cyber forms is offered, so it is sold alongside a package or BOP. The HC 102 01/18 and HC 103 01/18 editions still appear to be the ones cited on the current product page (https://www.cinfin.com/business-insurance/products/cyber-risk), so this is marked latest known. PDF contents were not opened (egress blocked).",us_regional_mutuals
the-cincinnati-insurance-compa-c9859acf,The Cincinnati Insurance Company / The Cincinnati Casualty Company,Commercial package (property and GL) policy that may include Cincinnati Data Defender / Network Defender,policy_wording,IA 4443 04 14 (first form in file),,US,US,SMB,pdf,True,False,IA 4443 04 14 The Cincinnati Insurance Company The Cincinnati Casualty Company (Cincinnati Property and General Liability Policy),https://bealbcshoa.com/wp-content/uploads/2020/12/Cinncinnati-Property-and-General-Liability-Policy.pdf,"OLDER (uploaded 12/2020). A real issued policy for a homeowners association, posted publicly. Searches for 'Cincinnati Data Defender HC 102' and 'Cincinnati Network Defender coverage form' returned it. That the cyber forms are attached is not confirmed, because the PDF could not be opened.",us_regional_mutuals
the-cincinnati-insurance-compa-3f6854b9,The Cincinnati Insurance Company / The Cincinnati Casualty Company,Commercial package policy that may include Cincinnati Data Defender (HC 102),policy_wording,IA 4443 04 14 (first form in file); HC 102 possibly included,,US,US,SMB,pdf,True,False,IA 4443 04 14 The Cincinnati Insurance Company The Cincinnati Casualty Company (GL policy 4/3/19 to 4/3/20),https://www.investinneighborhoods.org/wp-content/uploads/2019/06/GL-policy-4-3-19-to-20.pdf,"OLDER. A real issued package policy for 2019-20, posted publicly by the insured, a small nonprofit. Searches for 'Cincinnati Data Defender coverage form HC 102' and 'Cincinnati Cyber Defense' kept returning it, which suggests the Data Defender coverage form is attached. That is not confirmed, because the PDF could not be opened. It may contain the full HC 102 wording.",us_regional_mutuals
the-dentists-insurance-company-55dec0d6,The Dentists Insurance Company (TDIC),Cyber Suite Liability,application,,,US,US,micro,pdf,True,True,Application for Cyber Suite Liability Coverage - The Dentists Insurance Company,https://www.tdicinsurance.com/Portals/0/Forms/Cyber_App.pdf,industry: dental. CDA-affiliated carrier. No public policy wording was found. Product page: https://www.tdicinsurance.com/Find-Coverage/Cyber-Suite-Liability,us_industry_programs
the-doctors-company-tdc-specia-73e323ec,The Doctors Company (TDC Specialty),Cyber Risk Services (ePlace),summary,,,US,US,SMB,pdf,True,True,The Doctors Company Cyber Risk Services,https://www.tdcspecialty.com/SysSiteAssets/tdc-eplace-sell-sheet.pdf,industry: healthcare. Sell sheet for the cyber risk services (ePlace Solutions) bundled with cyber coverage.,us_industry_programs
the-doctors-company-tdc-specia-531b2a54,The Doctors Company (TDC Specialty),CyberGuard Plus,summary,,,US,US,SMB,pdf,True,True,CYBERGUARD PLUS - Protect your clients' medical practices,https://www.tdcspecialty.com/SysSiteAssets/pdfs/cyberguard-handout.pdf,industry: healthcare (medical practices). Broker handout for the higher-limit cyber product. Members get base cyber liability within the core MPL policy. Policy documents are behind the member/broker login.,us_industry_programs
the-hartford-dc7f1777,The Hartford,Cyber Insurance for Small Businesses (BOP add-on and CyberChoice),product_page,,,US,US,SMB,html,False,True,Cyber Insurance for Small Businesses | The Hartford,https://www.thehartford.com/cyber-insurance,Says Data Breach and Cyber Virus and Malware coverage can be added to the BOP for non-complex risks. Product page only.,embedded_endorsements
the-hartford-376467cd,The Hartford,CyberChoice Professional,policy_wording,,,US,US,SMB,pdf,True,True,CyberChoice Professional Policy Form,https://assets.thehartford.com/image/upload/cyberchoice_professional_form.pdf,"OUT OF SEGMENT (national carrier), found incidentally. Recorded so it isn't lost; the national-carrier agent may have it too, so dedupe. Edition unknown. | Hosted by The Hartford (carrier site). Includes cyber and system-failure BI for up to 24 months, privacy liability and cyber security liability.",generic_sweep;us_regional_mutuals
the-hartford-118ed6ee,The Hartford,Data Privacy ~ Network Security Liability Insurance Policy,policy_wording,,,US,US,SMB,pdf,True,True,Data Privacy ~ Network Security Liability Insurance Policy,https://assets.thehartford.com/image/upload/data_network_security_form.pdf,Hosted by The Hartford (carrier site). Edition not shown.,generic_sweep
the-hartford-e9fff7d2,The Hartford,Spectrum Business Owner's Policy (with CyberChoice First Response / Data Breach / Cyber Virus and Malware options),product_page,,,US,US,SMB,html,False,True,Spectrum Business Owner's Policy | The Hartford,https://www.thehartford.com/commercial-insurance-agents/next-generation-bop,"Agent page for the Spectrum BOP. Cyber coverage (Data Breach, Cyber Virus and Malware, and CyberChoice First Response since 2025) can be added alongside the BOP. No public form PDF was found.",embedded_endorsements
the-hartford-b609e6d1,The Hartford,Technology and Software Service Providers (Tech E&O / cyber) Coverage Analyzer,summary,,,US,US,SMB,pdf,True,True,Technology and Software Service Providers Coverage Analyzer,https://www.amisinsurance.com/brochures/Hartford_Technology_Software_Service_Providers.pdf,"Hartford coverage analyzer for small tech firms, covering the Spectrum BOP plus tech E&O and cyber options. Hosted by an agency.",embedded_endorsements
tokio-marine-hcc-8f8de0dd,Tokio Marine HCC,Cyber (TMHCC US cyber tear sheet),summary,,2024-07-29,US,US,SMB,pdf,True,True,Cyber Tear Sheet_072924,https://www.tmhcc.com/en-us/-/media/project/tokio-marine/tmhcc-us/documents/cyber-tear-sheet.pdf,Cyber product tear sheet dated 07/29/24 (from the title). The search snippet doesn't say which product it covers. The target market is assumed.,us_specialty_b
tokio-marine-hcc-db8e9cf2,Tokio Marine HCC,Cyber Liability (Turnkey Reinsurance and Programs),product_page,,,US,US,SMB,html,False,True,Cyber Liability - Tokio Marine HCC,https://www.tmhcc.com/en-us/products/turnkey-reinsurance-and-programs/cyber-liability,"Turnkey cyber program page (for carrier and MGA partners, typically small commercial). No wording document was found.",us_specialty_b
tokio-marine-hcc-4ed18acb,Tokio Marine HCC,e-MD / MEDEFENSE Plus (Cyber for Healthcare),summary,,,US,US,SMB,pdf,True,True,Combined for today's healthcare professionals e-MD & MEDEFENSE Plus,https://www.tmhcc.com/en-us/-/media/project/tokio-marine/tmhcc-us/documents/cplg_taceoa_medefense-plus-e-md-highlight-sheet.pdf,"Highlight sheet for healthcare-provider cyber (e-MD, capacity up to $5M) combined with MEDEFENSE Plus regulatory coverage. Aimed at physician practices and healthcare organizations. No policy form was found.",us_specialty_b
tokio-marine-hcc-038fc6b9,Tokio Marine HCC,e-MD / MEDEFENSE Plus (Cyber for Healthcare),application,CBO-RNA,2023-01,US,US,SMB,pdf,True,True,THIS IS AN APPLICATION FOR A ... (e-MD / MEDEFENSE Plus Renewal CBO-RNA 1.2023),https://www.tmhcc.com/en-us/-/media/tmhcc/cyber-and-professional-lines-group/healthcare-professional/e-md-medefense-plus-renewal-insurance-application_cborna-12023.pdf,"Renewal application, 1.2023 edition (inferred from the file name). Older renewal apps: CBO-RNA 3.2021 and April 2020 on the legacy TMHCC media path.",us_specialty_b
tokio-marine-hcc-a39891ec,Tokio Marine HCC,e-MD / MEDEFENSE Plus (Cyber for Healthcare),application,CBO-NBA,2022-01,US,US,SMB,pdf,True,True,CBO-NBA (1.2022) Page 1 of 7 Cyber & Professional Lines Group,https://www.tmhcc.com/en-us/-/media/tmhcc/cyber-and-professional-lines-group/tech-and-cyber/e-md-medefense-plus-application_-cbonba-12022.pdf,"New-business application. OLDER (2022). Earlier editions: CBO-NBA 11.2021, 3.2021 and 3.2020.",us_specialty_b
tokio-marine-hcc-8a7fc5b2,Tokio Marine HCC,NetGuard Plus Cyber Liability Insurance,summary,,,US,US,SMB,pdf,True,False,NetGuard Plus - Cyber Liability (Highlight Sheet),https://www.tmhcc.com/en-us/-/media/TMHCC/Cyber-and-Professional-Lines-Group/Tech-and-Cyber/NetGuard-Plus-Highlight-Sheet.pdf,Undated highlight sheet on the legacy media path. Probably older.,us_specialty_b
tokio-marine-hcc-2c1116c5,Tokio Marine HCC,NetGuard Plus Cyber Liability Insurance,summary,,2021-06-22,US,US,SMB,pdf,True,False,NetGuard Plus Cyber Strong and Ready. Cyber Liability,https://www.tmhcc.com/en-us/-/media/TMHCC/Cyber-and-Professional-Lines-Group/Tech-and-Cyber/NetGuard-Plus_highlight-sheet_062221.pdf,Highlight sheet dated 06/22/21 (from the file name). OLDER.,us_specialty_b
tokio-marine-hcc-f96e21ff,Tokio Marine HCC,NetGuard Plus Cyber Liability Insurance,summary,,,US,US,SMB,pdf,True,True,NetGuard Plus Cyber Liability DESCRIPTION OF COVERAGE,https://www.tmhcc.com/en-us/-/media/project/tokio-marine/tmhcc-us/documents/cplg_taceoa_ng-highlight-sheet.pdf,Description-of-coverage highlight sheet on the current TMHCC media path. The edition date is not shown in the search results.,us_specialty_b
tokio-marine-hcc-e92f2a4c,Tokio Marine HCC,NetGuard Plus Cyber Liability Insurance,application,NGP-SNBA,2021-01,US,US,SMB,pdf,True,False,NGP-SNBA (1.2021) Page 1 of 4 Cyber & Professional Lines Group,https://www.tmhcc.com/en-us/-/media/TMHCC/Cyber-and-Professional-Lines-Group/Tech-and-Cyber/NGP-App_0-10M-revenue_NGPSNBA-12021.pdf,Short-form new-business application for $0-10M revenue small businesses. OLDER.,us_specialty_b
tokio-marine-hcc-5116d2c4,Tokio Marine HCC,NetGuard Plus Cyber Liability Insurance,application,NGP-SRNA,2021-01,US,US,SMB,pdf,True,False,NGP-SRNA (1.2021) Page 1 of 4 Cyber & Professional Lines Group,https://www.tmhcc.com/en-us/-/media/TMHCC/Cyber-and-Professional-Lines-Group/Tech-and-Cyber/NGP-Renewal-App_0-10M-revenue_NGPSRNA-12021_032021.pdf,Short-form renewal application for $0-10M revenue. OLDER. Same form also at .../Tech-and-Cyber/NGP-Renewal-App_0-10M-revenue_NGPSRNA-12021.pdf and .../Technology/NGPSRNA-12021_NGP-Cyber-Liability-Insurance-Short-Form-Renewal-Application.pdf.,us_specialty_b
tokio-marine-hcc-0c0fcc49,Tokio Marine HCC,NetGuard Plus Cyber Liability Insurance,application,NGI-RNA,2020-01,US,US,SMB,pdf,True,False,NGI-RNA (1.2020) Page 1 of 3 Cyber & Professional Lines Group,https://www.tmhcc.com/en-us/-/media/TMHCC/Cyber-and-Professional-Lines-Group/Tech-and-Cyber/NGP-Renewal-Application.pdf,OLDER renewal application. A 7.2020 renewal app (NGPRNA-72020) also appeared on a TMHCC UAT mirror: https://ecazuat.hcc.com/en-us/-/media/TMHCC/Cyber-and-Professional-Lines-Group/Tech-and-Cyber/NGPRNA-72020_NetGuard-Plus-Renewal-App.pdf,us_specialty_b
tokio-marine-hcc-c0ddd508,Tokio Marine HCC,NetGuard Plus Cyber Liability Insurance,application,NGP-NBA,2020-10,US,US,SMB,pdf,True,False,NGP-NBA (10.2020) Page 1 of 3 Cyber & Professional Lines Group,https://www.tmhcc.com/en-us/-/media/TMHCC/Cyber-and-Professional-Lines-Group/Tech-and-Cyber/NetGuard-Plus-Application_NGPNBA-102020.pdf,"OLDER new-business application, replaced by 9.2024. The 7.2020 edition is also at .../Tech-and-Cyber/NGPNBA-72020_NetGuard-Plus-Cyber-Liability-Insurance-Application.pdf.",us_specialty_b
tokio-marine-hcc-137ab24c,Tokio Marine HCC,NetGuard Plus Cyber Liability Insurance,application,NGP-RNA,2025-08,US,US,SMB,pdf,True,True,THIS IS AN APPLICATION FOR A ... (NGP-RNA 08.2025),https://www.tmhcc.com/en-us/-/media/project/tokio-marine/tmhcc-us/documents/cplg-ngprna-082025.pdf,Renewal application. The 08/2025 edition is inferred from the file name.,us_specialty_b
tokio-marine-hcc-388d7c25,Tokio Marine HCC,NetGuard Plus Cyber Liability Insurance,application,,,US,US,SMB,pdf,True,True,NetGuard Plus Cyber Liability Insurance (Online Application $0-100M revenue),https://www.tmhcc.com/en-us/-/media/project/tokio-marine/tmhcc-us/documents/cplg_taceoa_npoa0-100m.pdf,Online application for businesses with $0-100M revenue and limits of $500k-$3M (per the search summary).,us_specialty_b
tokio-marine-hcc-5257b13d,Tokio Marine HCC,NetGuard Plus Cyber Liability Insurance,application,NGP-NBA,2024-09,US,US,SMB,pdf,True,True,NGP-NBA (9.2024) Page 1 of 4,https://www.tmhcc.com/en-us/-/media/project/tokio-marine/tmhcc-us/documents/ngpnba-92024.pdf,Current new-business application found.,us_specialty_b
tokio-marine-hcc-e46713c1,Tokio Marine HCC,NetGuard Plus Cyber Liability Insurance (Florida Lawyers Mutual program),application,,2021-06,US,US,SMB,pdf,True,False,florida-lawyers-mutual-tokio-marine-hcc-netguard-plus-cyber-application,https://flmic.com/wp-content/uploads/2021/06/florida-lawyers-mutual-tokio-marine-hcc-netguard-plus-cyber-application.pdf,"Third-party copy of a NetGuard Plus application for small law firms, distributed by Florida Lawyers Mutual. OLDER (upload path 2021/06).",us_specialty_b
tokio-marine-hcc-567ab4ba,Tokio Marine HCC,TechGuard (Technology E&O + Cyber Liability),application,TEO-RNA,2022-01,US,US,SMB,pdf,True,True,TechGuard Cyber Liability Insurance Renewal Application,https://www.tmhcc.com/en-us/-/media/project/tokio-marine/tmhcc-us/documents/cplg_taceoa_teorna-12022.pdf,Renewal application. The 1.2022 edition is inferred from the file name. OLDER.,us_specialty_b
tokio-marine-hcc-d1c67ebb,Tokio Marine HCC,TechGuard (Technology E&O + Cyber Liability),application,TEO-NBA,2022-01,US,US,SMB,pdf,True,True,TEO-NBA (1.2022) Page 1 of 6 Cyber & Professional Lines Group,https://www.tmhcc.com/en-us/-/media/tmhcc/cyber-and-professional-lines-group/technology/techguard-application_teonba-12022_feb.pdf,"TechGuard cyber and tech E&O application for small to mid-sized tech firms. Newest found, but OLDER (2022). The 7.2020 edition is at .../Tech-and-Cyber/TEONBA-72020_TechGuard-Application.pdf. No TechGuard policy form was found.",us_specialty_b
tokio-marine-hcc-houston-casua-97a94c3a,Tokio Marine HCC (Houston Casualty Company),NetGuard Plus Cyber Liability Insurance,specimen_policy,NGP 1000,2020-01,US,US,SMB,pdf,True,False,SPECIMEN HOUSTON CASUALTY COMPANY (NGP 1000 1.2020 Dec + Policy),https://www.tmhcc.com/en-us/-/media/TMHCC/Cyber-and-Professional-Lines-Group/Tech-and-Cyber/NGP100012020S-Dec--Policy.pdf,"Specimen declarations plus policy, NGP 1000 (1.2020), with a Schedule of Endorsements. OLDER. Replaced by the 4.2020 edition. | Hosted by TMHCC (carrier site). Specimen declarations plus policy. The form number is inferred from the filename NGP100012020S. Older (2020).",generic_sweep;us_specialty_b
tokio-marine-hcc-houston-casua-f51309fa,Tokio Marine HCC (Houston Casualty Company),NetGuard Plus Cyber Liability Insurance,specimen_policy,NGP 1000,2020-04,US,US,SMB,pdf,True,True,SPECIMEN HOUSTON CASUALTY COMPANY (NetGuard Plus Policy 4.2020),https://www.tmhcc.com/en-us/-/media/TMHCC/Cyber-and-Professional-Lines-Group/Tech-and-Cyber/Netguard-Plus-Policy_42020.pdf,"Full specimen policy, NGP 1000 (4.2020). Newest policy form edition found, but OLDER (2020). Covers defense and penalties, PCI DSS, breach event costs, cyber extortion, cyber crime, bricking, dependent system failure, and so on. Applications show NetGuard Plus targets businesses with $0-100M revenue (online app) and a short form for $0-10M. | NAS-administered NetGuard Plus specimen on Houston Casualty Company paper. The filename gives the 4.2020 edition. SMB flows use online applications for revenue up to $100M. OLDER (2020). A newer edition may exist but was not found.",us_mga_wholesale;us_specialty_b
tokio-marine-hcc-houston-casua-079c81cf,Tokio Marine HCC (Houston Casualty Company),NetGuard Plus Cyber Liability Insurance,declarations,NGP 1000DEC,2020-04,US,US,SMB,pdf,True,True,SPECIMEN NGP 1000 (4.2020) Page 1 of 1 HOUSTON CASUALTY COMPANY,https://home.sayatalabs.com/cnc-wb/get_resource/carriers/SAMPLE_POLICY_FORM/NAS,"Third-party copy hosted by Sayata (broker placement platform) under a 'NAS' carrier sample-policy resource. The snippet shows the NGP 1000DEC (4.2020) specimen declarations: dependent system failure, data recovery, non-physical BI, cyber extortion, cyber crime, bricking. The URL has no file extension, so file type is assumed to be PDF. OLDER (2020). | Sayata's SMB cyber quoting marketplace serves carrier sample policy forms at get_resource/carriers/SAMPLE_POLICY_FORM/<carrier>. This is the NAS form. Other carrier codes probably exist at the same path, but only NAS appeared in search, so none are listed here. The snippet reads 'Page 1 of 1', so the file may be a cover page only.",us_mga_wholesale;us_specialty_b
tokio-marine-hcc-houston-casua-75add867,Tokio Marine HCC (Houston Casualty Company),NetGuard Plus Cyber Liability Insurance,summary,NGP SOC,2020-04,US,US,SMB,pdf,True,True,SPECIMEN NGP SOC (4.2020) Page 1 of 6,https://www.tmhcc.com/en-us/-/media/project/tokio-marine/tmhcc-us/documents/cplg_taceoa_socnp.pdf,"Summary of Changes from the Lloyd's form P1856NGP-0118 to the HCC form NGP 1000 (4.2020). OLDER (2020). | Specimen Schedule of Coverage (the declarations equivalent), 6 pages, for NetGuard Plus. OLDER (2020).",us_mga_wholesale;us_specialty_b
tokio-marine-hcc-nas-insurance-7550e73c,Tokio Marine HCC (NAS Insurance Services),Cyber (broad appetite),summary,,2025-12,US,US,all sizes,pdf,True,True,"Tokio Marine HCC | NAS Insurance Services, LLC - Cyber Broad Appetite Sheet",https://www.tmhcc.com/en-us/-/media/project/tokio-marine/tmhcc-us/documents/cyber_broadappetitesheet_1225.pdf,Appetite and coverage summary sheet. The filename suffix 1225 suggests December 2025.,us_mga_wholesale
tokio-marine-hcc-nas-insurance-bdf7c0c4,Tokio Marine HCC (NAS Insurance Services),NetGuard Plus Cyber Liability,summary,,2020-12,US,US,all sizes,pdf,True,False,NetGuard Plus Cyber Liability (Highlight Sheet),https://www.tmhcc.com/en-us/-/media/TMHCC/Cyber-and-Professional-Lines-Group/Tech-and-Cyber/Netguard-Plus-Highlight-Sheet_123120.pdf,Coverage highlight sheet dated 12/31/20 per filename. OLDER.,us_mga_wholesale
tokio-marine-hcc-nas-insurance-9542c4aa,Tokio Marine HCC (NAS Insurance Services),NetGuard Plus Cyber Liability,application,NGP-NBA,2020-07,US,US,all sizes,pdf,True,False,NGP-NBA (7.2020) NetGuard Plus Cyber Liability Insurance Application,https://www.tmhcc.com/en-us/-/media/TMHCC/Cyber-and-Professional-Lines-Group/Tech-and-Cyber/NGPNBA-72020_NetGuard-Plus-Cyber-Liability-Insurance-Application.pdf,"New-business application, 4 pages. OLDER; superseded by at least the 1.2021 edition below.",us_mga_wholesale
tokio-marine-hcc-houston-casua-258b32c6,Tokio Marine HCC / Houston Casualty Company,Cyber & Professional Lines specimen (possibly TechGuard / Tech & Cyber),specimen_policy,,,US,US,all sizes,pdf,True,True,SPECIMEN HOUSTON CASUALTY COMPANY,https://www.tmhcc.com/en-us/-/media/project/tokio-marine/tmhcc-us/documents/cplg_taceoa_ths.pdf,Found in NAS/TMHCC cyber results. The exact product is unconfirmed; the search summary suggested TechGuard Cyber Liability specimen forms. Treat the attribution as tentative.,us_mga_wholesale
travelers-37b7bb85,Travelers,Businessowners - Building (Select Accounts),summary,,,US,US,SMB,pdf,True,True,SELECT ACCOUNTS | SMALL BUSINESS - Building Businessowners,https://www.blcinsurance.com/documents/travelers/Commercial/Travelers%20Small%20Business%20Building%20Businessowners.pdf,Travelers BOP product sheet (agency-hosted). Lists key and optional coverages that may include cyber and data add-ons.,embedded_endorsements
travelers-baeb3ac5,Travelers,"Crime and CyberRisk (issued declarations, public entity)",declarations,,,US,US,all sizes,pdf,True,True,TRAVELERS! ® Declarations POLICY NO. 106566801 | (Attachment C - Crime and Cyber Liability Coverage),https://ankenyiowa.gov/DocumentCenter/View/5844/Attachment-C---Crime-and-Cyber-Liability-Coverage?bidId=,"Issued Travelers crime plus cyber declarations and forms, posted in city bid documents. They show how a crime section (social engineering, computer fraud) and CyberRisk are combined. The insured is a public entity, not an SMB.",embedded_endorsements
travelers-e187b874,Travelers,CyberFirst Essentials - Technology (2nd generation),application,,2013-10,US,US,SMB,pdf,True,False,CyberFirst Essentials – Technology Question Reference Rev. 10-13,https://jfwins.com/images/Travelers_Cyberfirst_Essentials_2nd_Gen_Technology_Application.pdf,"OLDER (2013). Application for Travelers' small-tech-firm tech E&O plus cyber product (CyberFirst Essentials), which preceded CyberRisk Tech.",embedded_endorsements
travelers-57e76cc5,Travelers,CyberRisk (issued policy 2025-26),policy_wording,,2025-2026 policy term,US,US,all sizes,pdf,True,True,Travelers Cyber Policy 25-26 (LTR-4035 Ed. 06-09 cover letter),"https://www.resourcecenters.com/Pension%20Funds/Select%20Your%20Fund/ATU%20Local%201596%20Pension%20Plan/22Meeting%20Archives/Archives/64Quarterly%20Meeting%20Agenda%20and%20Materials%20(May%2027,%202025)/Meeting%20Items/10May%2027,%202025%20Meeting/Item%2012.%20Travelers%20Cyber%20Policy%2025-26.pdf","Full issued Travelers cyber policy for 2025-26, posted publicly in a small pension plan's meeting materials. It is probably current-edition CyberRisk wording. The insured is a small organization.",embedded_endorsements
travelers-b19d4a51,Travelers,CyberRisk (older edition),coverage_form,CYB-2001,2010-07,US,US,all sizes,pdf,True,False,CYB-2001 Ed. 07-10 © 2010 The Travelers Indemnity Company All Rights Reserved,https://apps.sceis.sc.gov/SCSolicitationWeb/attachmentDisplay.do?attachName=Appendix+B&attachType=PDF&phioClass=BBP_P_DOC&phioObject=005056AC666B1ED781B41E70F77E8112&type=S&solicitNumber=5400013044&dateModified=03/10/2017+04:51:19+PM,OLDER (2010) first-generation CyberRisk form. It was posted as Appendix B to a South Carolina state solicitation.,embedded_endorsements
travelers-4a0939a2,Travelers,CyberRisk application,application,CYB-14101,,US,US,SMB,pdf,True,True,CYB-14101,https://www.travelers.com/iw-documents/apps-forms/cyberrisk/cyb-14101.pdf,Part of the CYB-14xxx CyberRisk application series. The doc type is inferred and the file may be a short-form new business application.,embedded_endorsements
travelers-f45fd7b5,Travelers,CyberRisk application,application,CYB-14304,2019-01,US,US,SMB,pdf,True,True,CYB-14304 Ed. 01-19 Page 1 of 3,https://www.travelers.com/iw-documents/apps-forms/cyberrisk/cyb-14304.pdf,Doc type inferred: a 3-page CyberRisk application or supplement.,embedded_endorsements
travelers-9b565e99,Travelers,CyberRisk application - community associations,application,CYB-14204,2019-01,US,US,SMB,pdf,True,True,CYB-14204 Ed. 01-19 Page 1 of 3,https://www.travelers.com/iw-documents/apps-forms/cyberrisk/cyb-14204.pdf,Doc type inferred: a 3-page CyberRisk application for community associations.,embedded_endorsements
travelers-cf4a70b9,Travelers,CyberRisk multi-factor authentication attestation,application,CYB-14306,2023-03,US,US,SMB,pdf,True,True,CYB-14306 Rev. 03-23 Page 1 of 3,https://www.travelers.com/iw-documents/apps-forms/cyberrisk/cyb-14306.pdf,Probably the MFA attestation. A copy titled 'Travelers Property Casualty Company of America' (Travelers Cyber MFA Form) is also hosted at https://www.ftj.com/content/dam/ftjcom/site/pdfs/association-hq/Travelers_Cyber%20MFA%20Form.pdf. It may be the same form; not verified.,embedded_endorsements
travelers-ee1124ff,Travelers,CyberRisk Tech (technology E&O plus cyber),product_page,,,US,US,all sizes,html,False,True,Cyber Risk for Technology Companies | Travelers Insurance,https://www.travelers.com/business-insurance/cyber-insurance/technology,"CyberRisk Tech combines tech E&O and cyber, which can be bought separately or together. No form PDF URL was found. The E&O forms library is at https://www.travelers.com/professional-liability-insurance/apps-forms/errors-omissions.",embedded_endorsements
travelers-82eabf78,Travelers,"Fidelity and Crime (non-financial institutions), including Wrap+ crime and social engineering fraud",product_page,,,US,US,all sizes,html,False,True,Fidelity & Crime Applications and Forms | Travelers Insurance,https://www.travelers.com/business-insurance/professional-liability-insurance/apps-forms/crime-non-financial-institutions,"Forms library for Travelers crime (computer fraud, funds transfer fraud, social engineering fraud), which is used standalone or inside Wrap+. No form PDF URL appeared in search results.",embedded_endorsements
travelers-2e1dd795,Travelers,Master Pac / Pac Plus (Select Accounts small business package),summary,,,US,US,SMB,pdf,True,True,Master Pac / Pac Plus Quick Reference Guide SELECT ACCOUNTS | SMALL BUSINESS,https://bolttech.io/wp-content/uploads/2024/09/Travelers-Masterpac-.pdf,Quick reference guide for the Travelers small business package (uploaded 2024). It lists optional coverages that may include cyber and data-related options on the package or BOP.,embedded_endorsements
travelers-b22b7912,Travelers,Office Pac package policy (issued policy),policy_wording,,2023-2024 policy term,US,US,SMB,pdf,True,True,OFFICE PAC A Custom Insurance Policy Prepared for: Presented by:,https://asalh.org/wp-content/uploads/2024/03/Package-policy-2324.pdf,"An issued Travelers Office Pac package proposal or policy, posted publicly by a nonprofit insured. It came up in a search for Travelers BOP cyber endorsements and may include data, cyber or electronic data endorsements. Whether it contains cyber endorsements is unverified.",embedded_endorsements
travelers-7e3e3886,Travelers,Store Businessowners Policy,summary,,,US,US,SMB,pdf,True,True,Travelers Store Businessowners Policy,https://www.blcinsurance.com/documents/travelers/Commercial/Small%20Business%20Store.pdf,Offers an optional 'Denial of Service Attack - Time Element' enhancement: business income and extra expense when e-commerce computer operations are suspended by a denial-of-service attack. The enhancement attaches to the BOP.,embedded_endorsements
travelers-755a642a,Travelers,Travelers CyberRisk,coverage_form,CYB-16001 CW,2020-06 (Rev. 06-20 per search snippet; unverified),US,US,all sizes,pdf,True,True,Travelers (CYB-16001 CW),https://www.travelers.com/iw-documents/apps-forms/cyberrisk/cyb-16001-cw.pdf,"Hosted on the CyberRisk apps-forms path. The search summary described it as a comprehensive CyberRisk form with definitions and coverage details, but the exact form title and edition were not shown. Verify whether it is the coverage form or a supplement. | Countrywide CyberRisk form. The snippets mention Social Engineering Fraud, Computer Fraud and Business Interruption from a Security Breach. It can be written standalone or within Wrap+ and Executive Choice+.",embedded_endorsements;us_majors_1
travelers-0cb80c19,Travelers,Travelers CyberRisk,application,CYB-14204,01-19,US,US,all sizes,pdf,True,True,CYB-14204 Ed. 01-19 Page 1 of 3,https://asset.trvstatic.com/download/assets/cyb-14204.pdf/afc8bfd263c911ee99b9b26fa5d7ee20,OLDER EDITION (2019). A 3-page CyberRisk application supplement hosted on the Travelers static asset CDN. Its purpose is unverified.,us_majors_1
travelers-bafdd2e7,Travelers,Travelers CyberRisk,application,CYB-14304,01-19,US,US,all sizes,pdf,True,True,CYB-14304 Ed. 01-19 Page 1 of 3,https://asset.trvstatic.com/download/assets/cyb-14304.pdf/b3ee449263c911eeb61bc28f151b2ac2,"OLDER EDITION (2019). A 3-page supplement. The search summary suggested a payment card supplement, but that is unverified.",us_majors_1
travelers-dee8dccd,Travelers,Travelers CyberRisk,application,CYB-14102,01-19,US,US,all sizes,pdf,True,True,CYB-14102 Ed. 01-19 Page 1 of 5,https://www.travelers.com/iw-documents/apps-forms/cyberrisk/cyb-14102.pdf,OLDER EDITION (2019). A 5-page CyberRisk application from the CyberRisk Applications and Forms page. Its exact purpose (e.g. new business) is unverified. | Doc type inferred: a 5-page CyberRisk application (new or renewal).,embedded_endorsements;us_majors_1
travelers-0b64d88d,Travelers,Travelers CyberRisk,application,CYB-14202,01-19,US,US,all sizes,pdf,True,True,CYB-14202 Ed. 01-19 Page 1 of 5,https://www.travelers.com/iw-documents/apps-forms/cyberrisk/cyb-14202.pdf,"OLDER EDITION (2019). A 5-page CyberRisk application; possibly the renewal or alternate version. Unverified. | Doc type inferred: a 5-page CyberRisk application, possibly an industry-specific variant.",embedded_endorsements;us_majors_1
travelers-c5b7a66e,Travelers,Travelers CyberRisk,application,CYB-14301,01-19,US,US,all sizes,pdf,True,True,CYB-14301 Ed. 01-19 Page 1 of 3,https://www.travelers.com/iw-documents/apps-forms/cyberrisk/cyb-14301.pdf,"OLDER EDITION (2019). A 3-page supplement. The search summary suggested it is a social engineering fraud supplement, but that is unverified. | Doc type inferred: a 3-page CyberRisk application or supplement.",embedded_endorsements;us_majors_1
travelers-842eb6f1,Travelers,Travelers CyberRisk,application,CYB-14302,01-19,US,US,all sizes,pdf,True,True,CYB-14302 Ed. 01-19 Page 1 of 4,https://www.travelers.com/iw-documents/apps-forms/cyberrisk/cyb-14302.pdf,OLDER EDITION (2019). A 4-page CyberRisk supplement. Its purpose is unverified. | Doc type inferred: a 4-page CyberRisk application or supplement.,embedded_endorsements;us_majors_1
travelers-76582630,Travelers,Travelers CyberRisk,product_page,,,US,US,all sizes,html,False,True,CyberRisk Applications and Forms | Travelers Insurance,https://www.travelers.com/business-insurance/professional-liability-insurance/apps-forms/cyberrisk,"Index page for Travelers CyberRisk applications and forms, which is the source of the CYB-14xxx and CYB-16001 PDFs. It should be browsed manually for the current coverage form and the CyberFirst/CyberRisk Tech equivalents. | Travelers forms library for CyberRisk. CyberRisk is sold through the Wrap+ (private and nonprofit) and Executive Choice+ platforms. The short-form application is limited to revenue of $50M or less and assets of $500M or less (the SMB tier).",embedded_endorsements;us_majors_1
travelers-75144549,Travelers,Travelers CyberRisk (hosted by ProWriters),policy_wording,,2020,US,US,all sizes,pdf,True,False,Travelers-Form-1.pdf,https://prowritersins.com/wp-content/uploads/2020/08/Travelers-Form-1.pdf,"OLDER. Hosted by ProWriters, a cyber wholesale broker (uploaded 08/2020). Probably a Travelers cyber policy form used for comparison, but no title or form number was visible in the result. Verify. | Hosted by ProWriters (wholesale). The snippet lists cyber crime insuring agreements (computer fraud, funds transfer fraud, social engineering, telecom fraud), business interruption, privacy and security, and regulatory proceedings. OLDER (2020 upload path). A carrier form outside this segment, included because a wholesale broker hosts it. | Uploaded August 2020 by a broker (ProWriters). It came up in searches for CYB-16001 and Wrap+ cyber, so it is probably a CyberRisk form specimen. Content not verified. May be superseded. | Hosted by broker ProWriters (2020 upload folder). Snippet mentions funds transfer fraud, social engineering fraud, telecom fraud, business interruption and data restoration. Exact product and form number not confirmed. Older.",embedded_endorsements;generic_sweep;us_majors_1;us_mga_wholesale
travelers-01a264b0,Travelers,Wrap+ CyberRisk Coverage Checklist,summary,,,US,US,SMB,html,False,False,Travelers Wrap CyberRisk Coverage Checklist - Travelers Insurance,https://www.yumpu.com/en/document/view/36214810/travelers-wrap-cyberrisk-coverage-checklist-travelers-insurance,Third-party (Yumpu) copy of a Travelers checklist for the CyberRisk coverage part in the Wrap+ private and nonprofit management liability package. Probably OLDER.,embedded_endorsements
unknown-broker-pro4-sample-7b52f414,Unknown (broker Pro4 sample),Cyber sample policy / quotation,specimen_policy,,,US,US,SMB,pdf,True,True,Cyber Insurance Quotation (Cyber-Sample-Policy.pdf),https://pro4.us/wp-content/uploads/Cyber-Sample-Policy.pdf,Hosted by broker Pro4 (pro4.us). The filename says sample policy but the document title reads 'Cyber Insurance Quotation'. Carrier not identified.,generic_sweep
unknown-city-of-franklin-india-30d70bda,"Unknown (City of Franklin, Indiana)",Cyber Insurance Policy (municipal),policy_wording,,circa 2019,US,US,SMB,pdf,True,False,"Cyber Insurance Policy - City of Franklin, Indiana",https://www.franklin.in.gov/egov/documents/1568056135_75369.pdf,"Hosted by City of Franklin, IN (government site). Issued municipal policy. The file timestamp suggests September 2019. Carrier not identified from the snippet. Older.",generic_sweep
unknown-state-of-georgia-doas--c68b6cd2,Unknown (State of Georgia DOAS program),State Cyber and Technology Liability Policy,policy_wording,,2025-07-01 to 2026-06-30,US,US,all sizes,pdf,True,True,"STATE CYBER AND TECHNOLOGY LIABILITY POLICY JULY 1, 2025 - JUNE 30, 2026",https://www.doas.ga.gov/sites/default/files/assets/Risk%20Management/NEADocumentLibrary/Cyber_Insurance_Policy_070617.pdf,"Hosted by Georgia Department of Administrative Services (Risk Management, NEA document library). Public-entity program policy: $1M max limit, $250K per-claim retention. The filename carries an older date (070617) but the title is 2025-26. Carrier not named in the snippet.",generic_sweep
unknown-via-risk-placement-ser-ebc22cf4,Unknown (via Risk Placement Services),Cyber Insurance Quotation (school district),summary,,,US,US,SMB,pdf,True,False,"Cyber Insurance Quotation - BoardDocs (Teton County School District, WY)",https://www.boarddocs.com/wy/teton1/Board.nsf/files/C3NC297A0AFF/$file/RPS-Q-0933664M_1%20Quote%20Certificate.pdf,"Hosted on BoardDocs (Teton County School District #1 board packet). A quote/certificate, not a wording. BoardDocs board packets are a promising source of issued cyber policies.",generic_sweep
unknown-agency-carrier-hsb-dat-7acbeda8,Unknown agency/carrier (HSB Data Compromise form) - AnyFlip copy,HSB Data Compromise Coverage,coverage_form,,,US,US,SMB,html,False,False,DATA COMPROMISE COVERAGE FORM - Flip eBook Pages 1-6 | AnyFlip,https://anyflip.com/pgwl/xtbs/basic,Flipbook copy of a 6-page Data Compromise Coverage Form (the HSB-style data breach response expenses and liability endorsement). The issuer and edition could not be checked.,us_standard_forms
urb-copy-hosted-by-enia-5d6bd514,URB (copy hosted by ENIA),Cyber Insurance Endorsement,endorsement,CL-100,4/16,US,US,SMB,pdf,True,False,CL-100 Ed. 4/16 (c) 2016 URB(R) CYBER INSURANCE ENDORSEMENT,https://www.enia.com/Content/factsheets/Cyber%20Liability%20CL-100%20Endorsement.pdf,OLDER edition (2016). The issuer 'URB' was not identified. The endorsement is hosted by an agency (ENIA). It may be a program or white-label cyber endorsement. | OLDER (2016). A cyber insurance endorsement form hosted in an agency's 'factsheets' folder. The issuing carrier or program ('URB') was not identified from the snippet. Keep it only if another agent can attribute it. | Hosted by agency/program site enia.com as a factsheet. First-party breach event cyber endorsement on a package policy. Issuing carrier not identified. Older (2016).,generic_sweep;us_regional_mutuals;us_standard_forms
washington-cities-insurance-au-b8620dfc,Washington Cities Insurance Authority (WCIA),WCIA cyber coverage (member pool),product_page,,,US,US,all sizes,html,False,True,"Coverages | Washington Cities Insurance Authority, WA",https://www.wciapool.org/206/Coverages,"industry: public entities (Washington cities). Cyber covers breach response, notification and credit monitoring, bricking, extortion, and ransomware. The coverage document itself was not found.",us_industry_programs
washington-state-department-of-d497fc98,Washington State Department of Enterprise Services (DES) - Alliant Property Insurance Program (APIP),APIP Cyber Liability Insurance,summary,,2025-2026,US,US,all sizes,pdf,True,True,2025-2026 Cyber Liability Insurance Overview (APIP),https://des.wa.gov/sites/default/files/2025-02/APIP-Cyber-Liability-Insurance-Overview.pdf,"industry: public entities (Washington state agencies). Overview of cyber coverage under APIP. | Hosted by Washington State Department of Enterprise Services (Office of Risk Management). Overview of cyber cover under the Alliant Property Insurance Program (APIP) used by WA state and small public agencies. This is a summary, not the wording.",generic_sweep;us_industry_programs
washington-state-department-of-f56718b2,Washington State Department of Enterprise Services (DES) - Alliant Property Insurance Program (APIP),Small Agency Cyber Liability Insurance Pool,summary,,Policy Year 2025-2026,US,US,SMB,pdf,True,True,Small Agency Cyber Liability Insurance Overview Policy Year 2025-2026,https://des.wa.gov/sites/default/files/2025-02/small-agency-cyber-liability-insurance.pdf,"industry: public entities (small Washington state agencies). DES-funded cyber coverage for small agencies through APIP. $250,000 deductible for first-party loss, $75M APIP program aggregate, RCW 42.56.590 notice obligations. Coverage overview, not the policy wording.",us_industry_programs
wilmington-insurance-company-h-46afcc51,Wilmington Insurance Company (HSB form),HSB Cyber Suite - Basic Data Breach,coverage_form,CY-DS-01a,05-17,US,US,SMB,pdf,True,False,CY-DS-01a (05-17) Page 1 of 2 CYBER SUITE COVERAGE FORM,https://wilmingtoninsco.com/wp-content/uploads/2023/07/Basic-Data-Breach-Coverage.pdf,OLDER edition (05-17). Basic data breach tier of the Cyber Suite form. The file probably opens with the declarations/schedule (CY-DS-01a).,us_standard_forms
wilmington-insurance-company-h-3e3dbb95,Wilmington Insurance Company (HSB form),HSB Cyber Suite - Enhanced,coverage_form,CY-DS-01b,05-17,US,US,SMB,pdf,True,False,CY-DS-01b (05-17) Page 1 of 2 CYBER SUITE COVERAGE FORM,https://wilmingtoninsco.com/wp-content/uploads/2023/07/Enhanced-CyberSuite-Coverage.pdf,"OLDER edition (05-17). Enhanced Cyber Suite option. The file probably opens with the 2-page Cyber Suite declarations/schedule (CY-DS-01b), followed by the coverage form. | OLDER edition (05-17), uploaded 07/2023. Appears to be the declarations/schedule page (2 pages) of a 'Cyber Suite' coverage form, a CY-series turnkey cyber suite used by several small and regional carriers. The carrier is inferred only from the host domain and must be verified. It came up in a search for Auto-Owners data compromise forms but is not an Auto-Owners document.",us_regional_mutuals;us_standard_forms
